gameid,away,home,nprds
20141028ORLNOP,ORL,NOP,4
20141028DALSAS,DAL,SAS,4
20141028HOULAL,HOU,LAL,4
20141029MILCHA,MIL,CHA,5
20141029PHIIND,PHI,IND,4
20141029BKNBOS,BKN,BOS,4
20141029WASMIA,WAS,MIA,4
20141029ATLTOR,ATL,TOR,4
20141029MINMEM,MIN,MEM,4
20141029CHINYK,CHI,NYK,4
20141029DETDEN,DET,DEN,4
20141029HOUUTA,HOU,UTA,4
20141029LALPHX,LAL,PHX,4
20141029GSWSAC,GSW,SAC,4
20141029OKCPOR,OKC,POR,4
20141030WASORL,WAS,ORL,4
20141030DETMIN,DET,MIN,4
20141030NYKCLE,NYK,CLE,4
20141030UTADAL,UTA,DAL,4
20141030OKCLAC,OKC,LAC,4
20141031MEMIND,MEM,IND,4
20141031CLECHI,CLE,CHI,5
20141031PHIMIL,PHI,MIL,4
20141031SASPHX,SAS,PHX,4
20141031PORSAC,POR,SAC,4
20141031LACLAL,LAC,LAL,4
20141101DALNOP,DAL,NOP,4
20141101MEMCHA,MEM,CHA,4
20141101TORORL,TOR,ORL,4
20141101MIAPHI,MIA,PHI,4
20141101MILWAS,MIL,WAS,4
20141101INDATL,IND,ATL,4
20141101BKNDET,BKN,DET,4
20141101BOSHOU,BOS,HOU,4
20141101CHIMIN,CHI,MIN,4
20141101DENOKC,DEN,OKC,4
20141101PHXUTA,PHX,UTA,4
20141101LALGSW,LAL,GSW,4
20141102SACLAC,SAC,LAC,4
20141102TORMIA,TOR,MIA,4
20141102CHANYK,CHA,NYK,4
20141102GSWPOR,GSW,POR,4
20141103HOUPHI,HOU,PHI,4
20141103OKCBKN,OKC,BKN,4
20141103NOPMEM,NOP,MEM,4
20141103BOSDAL,BOS,DAL,4
20141103SACDEN,SAC,DEN,4
20141103UTALAC,UTA,LAC,4
20141104MILIND,MIL,IND,4
20141104HOUMIA,HOU,MIA,4
20141104WASNYK,WAS,NYK,4
20141104OKCTOR,OKC,TOR,4
20141104ORLCHI,ORL,CHI,4
20141104CHANOP,CHA,NOP,4
20141104CLEPOR,CLE,POR,4
20141104PHXLAL,PHX,LAL,4
20141105MIACHA,MIA,CHA,4
20141105ORLPHI,ORL,PHI,4
20141105TORBOS,TOR,BOS,4
20141105MINBKN,MIN,BKN,4
20141105NYKDET,NYK,DET,4
20141105CHIMIL,CHI,MIL,4
20141105INDWAS,IND,WAS,5
20141105ATLSAS,ATL,SAS,4
20141105MEMPHX,MEM,PHX,4
20141105CLEUTA,CLE,UTA,4
20141105DENSAC,DEN,SAC,4
20141105LACGSW,LAC,GSW,4
20141106SASHOU,SAS,HOU,4
20141106DALPOR,DAL,POR,4
20141107ATLCHA,ATL,CHA,6
20141107MINORL,MIN,ORL,5
20141107CHIPHI,CHI,PHI,4
20141107INDBOS,IND,BOS,4
20141107NYKBKN,NYK,BKN,4
20141107MILDET,MIL,DET,4
20141107WASTOR,WAS,TOR,4
20141107MEMOKC,MEM,OKC,4
20141107SACPHX,SAC,PHX,6
20141107DALUTA,DAL,UTA,4
20141107CLEDEN,CLE,DEN,4
20141108PORLAC,POR,LAC,4
20141108WASIND,WAS,IND,4
20141108NYKATL,NYK,ATL,4
20141108MINMIA,MIN,MIA,4
20141108BOSCHI,BOS,CHI,4
20141108GSWHOU,GSW,HOU,4
20141108MEMMIL,MEM,MIL,4
20141108NOPSAS,NOP,SAS,4
20141109ORLBKN,ORL,BKN,4
20141109UTADET,UTA,DET,4
20141109SACOKC,SAC,OKC,4
20141109PHITOR,PHI,TOR,4
20141109MIADAL,MIA,DAL,4
20141109GSWPHX,GSW,PHX,4
20141109DENPOR,DEN,POR,4
20141109CHALAL,CHA,LAL,4
20141110NOPCLE,NOP,CLE,4
20141110UTAIND,UTA,IND,4
20141110ATLNYK,ATL,NYK,4
20141110DETCHI,DET,CHI,4
20141110SASLAC,SAS,LAC,4
20141111ORLTOR,ORL,TOR,4
20141111LALMEM,LAL,MEM,4
20141111OKCMIL,OKC,MIL,4
20141111SACDAL,SAC,DAL,4
20141111CHAPOR,CHA,POR,4
20141111SASGSW,SAS,GSW,4
20141112DETWAS,DET,WAS,4
20141112UTAATL,UTA,ATL,4
20141112OKCBOS,OKC,BOS,4
20141112INDMIA,IND,MIA,4
20141112ORLNYK,ORL,NYK,4
20141112LALNOP,LAL,NOP,4
20141112PORDEN,POR,DEN,4
20141112BKNPHX,BKN,PHX,4
20141112HOUMIN,HOU,MIN,4
20141113SACMEM,SAC,MEM,4
20141113CHITOR,CHI,TOR,4
20141113PHIDAL,PHI,DAL,4
20141113BKNGSW,BKN,GSW,4
20141114DENIND,DEN,IND,4
20141114MILORL,MIL,ORL,4
20141114MIAATL,MIA,ATL,4
20141114CLEBOS,CLE,BOS,4
20141114UTANYK,UTA,NYK,4
20141114PHIHOU,PHI,HOU,4
20141114MINNOP,MIN,NOP,4
20141114DETOKC,DET,OKC,5
20141114CHAPHX,CHA,PHX,4
20141114SASLAL,SAS,LAL,4
20141115ORLWAS,ORL,WAS,4
20141115ATLCLE,ATL,CLE,4
20141115UTATOR,UTA,TOR,4
20141115INDCHI,IND,CHI,4
20141115DETMEM,DET,MEM,4
20141115MINDAL,MIN,DAL,4
20141115BKNPOR,BKN,POR,4
20141115SASSAC,SAS,SAC,4
20141115CHAGSW,CHA,GSW,4
20141115PHXLAC,PHX,LAC,4
20141116DENNYK,DEN,NYK,4
20141116MILMIA,MIL,MIA,4
20141116HOUOKC,HOU,OKC,4
20141116GSWLAL,GSW,LAL,4
20141117DALCHA,DAL,CHA,4
20141117DENCLE,DEN,CLE,4
20141117PHXBOS,PHX,BOS,4
20141117MIABKN,MIA,BKN,4
20141117ORLDET,ORL,DET,4
20141117HOUMEM,HOU,MEM,4
20141117PHISAS,PHI,SAS,4
20141117NOPPOR,NOP,POR,4
20141117CHILAC,CHI,LAC,4
20141118LALATL,LAL,ATL,4
20141118NYKMIL,NYK,MIL,4
20141118OKCUTA,OKC,UTA,4
20141118NOPSAC,NOP,SAC,4
20141119SASCLE,SAS,CLE,4
20141119CHAIND,CHA,IND,4
20141119LACORL,LAC,ORL,4
20141119BOSPHI,BOS,PHI,4
20141119DALWAS,DAL,WAS,4
20141119MILBKN,MIL,BKN,7
20141119PHXDET,PHX,DET,4
20141119MEMTOR,MEM,TOR,4
20141119NYKMIN,NYK,MIN,4
20141119OKCDEN,OKC,DEN,4
20141119LALHOU,LAL,HOU,4
20141120LACMIA,LAC,MIA,4
20141120CHISAC,CHI,SAC,4
20141121ORLCHA,ORL,CHA,4
20141121PHXPHI,PHX,PHI,4
20141121DETATL,DET,ATL,4
20141121MILTOR,MIL,TOR,4
20141121BOSMEM,BOS,MEM,4
20141121SASMIN,SAS,MIN,4
20141121BKNOKC,BKN,OKC,4
20141121CLEWAS,CLE,WAS,4
20141121LALDAL,LAL,DAL,4
20141121NOPDEN,NOP,DEN,4
20141121UTAGSW,UTA,GSW,4
20141121CHIPOR,CHI,POR,4
20141122PHXIND,PHX,IND,4
20141122MIAORL,MIA,ORL,4
20141122TORCLE,TOR,CLE,4
20141122PHINYK,PHI,NYK,4
20141122DALHOU,DAL,HOU,4
20141122SACMIN,SAC,MIN,4
20141122WASMIL,WAS,MIL,4
20141122BKNSAS,BKN,SAS,4
20141122NOPUTA,NOP,UTA,4
20141123LACMEM,LAC,MEM,4
20141123PORBOS,POR,BOS,4
20141123CHAMIA,CHA,MIA,4
20141123GSWOKC,GSW,OKC,4
20141123DENLAL,DEN,LAL,5
20141124LACCHA,LAC,CHA,4
20141124ORLCLE,ORL,CLE,4
20141124PORPHI,POR,PHI,4
20141124PHXTOR,PHX,TOR,4
20141124NYKHOU,NYK,HOU,4
20141124INDDAL,IND,DAL,4
20141124CHIUTA,CHI,UTA,4
20141125ATLWAS,ATL,WAS,4
20141125GSWMIA,GSW,MIA,4
20141125DETMIL,DET,MIL,4
20141125SACNOP,SAC,NOP,4
20141125CHIDEN,CHI,DEN,4
20141126PORCHA,POR,CHA,4
20141126WASCLE,WAS,CLE,4
20141126GSWORL,GSW,ORL,4
20141126BKNPHI,BKN,PHI,4
20141126NYKDAL,NYK,DAL,5
20141126TORATL,TOR,ATL,4
20141126LACDET,LAC,DET,4
20141126SACHOU,SAC,HOU,4
20141126MILMIN,MIL,MIN,4
20141126UTAOKC,UTA,OKC,4
20141126INDSAS,IND,SAS,4
20141126DENPHX,DEN,PHX,4
20141126MEMLAL,MEM,LAL,4
20141128CHIBOS,CHI,BOS,4
20141128GSWCHA,GSW,CHA,4
20141128NOPATL,NOP,ATL,4
20141128MILDET,MIL,DET,4
20141128DALTOR,DAL,TOR,4
20141128LACHOU,LAC,HOU,4
20141128NYKOKC,NYK,OKC,4
20141128ORLIND,ORL,IND,4
20141128SACSAS,SAC,SAS,4
20141128PHXDEN,PHX,DEN,4
20141128MEMPOR,MEM,POR,4
20141128MINLAL,MIN,LAL,4
20141129DALPHI,DAL,PHI,4
20141129NOPWAS,NOP,WAS,4
20141129CHAATL,CHA,ATL,4
20141129INDCLE,IND,CLE,4
20141129LACUTA,LAC,UTA,4
20141129HOUMIL,HOU,MIL,4
20141130SASBOS,SAS,BOS,4
20141130CHIBKN,CHI,BKN,4
20141130GSWDET,GSW,DET,4
20141130MEMSAC,MEM,SAC,4
20141130MIANYK,MIA,NYK,4
20141130ORLPHX,ORL,PHX,4
20141130MINPOR,MIN,POR,4
20141130TORLAL,TOR,LAL,5
20141201SASPHI,SAS,PHI,4
20141201MIAWAS,MIA,WAS,4
20141201DENUTA,DEN,UTA,4
20141201MINLAC,MIN,LAC,4
20141202MILCLE,MIL,CLE,4
20141202BOSATL,BOS,ATL,4
20141202LALDET,LAL,DET,4
20141202BKNNYK,BKN,NYK,4
20141202DALCHI,DAL,CHI,6
20141202OKCNOP,OKC,NOP,4
20141202PORDEN,POR,DEN,4
20141202INDPHX,IND,PHX,4
20141202TORSAC,TOR,SAC,4
20141202ORLGSW,ORL,GSW,4
20141203CHICHA,CHI,CHA,4
20141203LALWAS,LAL,WAS,4
20141203DETBOS,DET,BOS,5
20141203SASBKN,SAS,BKN,5
20141203ATLMIA,ATL,MIA,4
20141203MEMHOU,MEM,HOU,4
20141203DALMIL,DAL,MIL,4
20141203PHIMIN,PHI,MIN,4
20141203TORUTA,TOR,UTA,4
20141203ORLLAC,ORL,LAC,4
20141204CLENYK,CLE,NYK,4
20141204INDPOR,IND,POR,4
20141204NOPGSW,NOP,GSW,4
20141205NYKCHA,NYK,CHA,4
20141205OKCPHI,OKC,PHI,4
20141205DENWAS,DEN,WAS,4
20141205LALBOS,LAL,BOS,4
20141205ATLBKN,ATL,BKN,4
20141205CLETOR,CLE,TOR,4
20141205SASMEM,SAS,MEM,4
20141205HOUMIN,HOU,MIN,5
20141205PHXDAL,PHX,DAL,4
20141205MIAMIL,MIA,MIL,4
20141205ORLUTA,ORL,UTA,4
20141205INDSAC,IND,SAC,5
20141206PHIDET,PHI,DET,5
20141206GSWCHI,GSW,CHI,4
20141206PHXHOU,PHX,HOU,4
20141206MINSAS,MIN,SAS,4
20141206ORLSAC,ORL,SAC,4
20141206NOPLAC,NOP,LAC,4
20141207WASBOS,WAS,BOS,4
20141207DENATL,DEN,ATL,4
20141207MIAMEM,MIA,MEM,4
20141207OKCDET,OKC,DET,4
20141207MILDAL,MIL,DAL,4
20141207PORNYK,POR,NYK,4
20141207NOPLAL,NOP,LAL,4
20141208ATLIND,ATL,IND,4
20141208BOSWAS,BOS,WAS,6
20141208CLEBKN,CLE,BKN,4
20141208DENTOR,DEN,TOR,5
20141208GSWMIN,GSW,MIN,4
20141208UTASAC,UTA,SAC,4
20141208PHXLAC,PHX,LAC,5
20141209TORCLE,TOR,CLE,4
20141209PORDET,POR,DET,4
20141209DALMEM,DAL,MEM,4
20141209NYKNOP,NYK,NOP,4
20141209MILOKC,MIL,OKC,4
20141209MIAPHX,MIA,PHX,4
20141209SASUTA,SAS,UTA,4
20141209SACLAL,SAC,LAL,4
20141210BOSCHA,BOS,CHA,4
20141210LACIND,LAC,IND,4
20141210WASORL,WAS,ORL,4
20141210PHIATL,PHI,ATL,4
20141210BKNCHI,BKN,CHI,4
20141210PORMIN,POR,MIN,4
20141210NYKSAS,NYK,SAS,4
20141210NOPDAL,NOP,DAL,4
20141210HOUGSW,HOU,GSW,4
20141210MIADEN,MIA,DEN,4
20141211CLEOKC,CLE,OKC,4
20141211HOUSAC,HOU,SAC,5
20141212PORCHI,POR,CHI,4
20141212LACWAS,LAC,WAS,4
20141212ORLATL,ORL,ATL,4
20141212NYKBOS,NYK,BOS,4
20141212PHIBKN,PHI,BKN,4
20141212INDTOR,IND,TOR,4
20141212CHAMEM,CHA,MEM,6
20141212OKCMIN,OKC,MIN,4
20141212CLENOP,CLE,NOP,4
20141212DETPHX,DET,PHX,4
20141212MIAUTA,MIA,UTA,4
20141212LALSAS,LAL,SAS,5
20141213GSWDAL,GSW,DAL,4
20141213BKNCHA,BKN,CHA,4
20141213PORIND,POR,IND,4
20141213ATLORL,ATL,ORL,4
20141213LACMIL,LAC,MIL,4
20141213MEMPHI,MEM,PHI,5
20141213DENHOU,DEN,HOU,4
20141213DETSAC,DET,SAC,4
20141214GSWNOP,GSW,NOP,5
20141214CHIMIA,CHI,MIA,4
20141214UTAWAS,UTA,WAS,4
20141214LALMIN,LAL,MIN,4
20141214PHXOKC,PHX,OKC,4
20141214TORNYK,TOR,NYK,5
20141214SASDEN,SAS,DEN,4
20141215CHACLE,CHA,CLE,4
20141215LALIND,LAL,IND,4
20141215BOSPHI,BOS,PHI,4
20141215CHIATL,CHI,ATL,4
20141215ORLTOR,ORL,TOR,4
20141215MILPHX,MIL,PHX,4
20141215SASPOR,SAS,POR,4
20141215DETLAC,DET,LAC,4
20141216MINWAS,MIN,WAS,4
20141216MIABKN,MIA,BKN,4
20141216GSWMEM,GSW,MEM,4
20141216UTANOP,UTA,NOP,4
20141216DALNYK,DAL,NYK,4
20141216OKCSAC,OKC,SAC,4
20141217PHXCHA,PHX,CHA,4
20141217ATLCLE,ATL,CLE,4
20141217ORLBOS,ORL,BOS,4
20141217DALDET,DAL,DET,4
20141217UTAMIA,UTA,MIA,4
20141217BKNTOR,BKN,TOR,4
20141217MEMSAS,MEM,SAS,7
20141217MILPOR,MIL,POR,4
20141217INDLAC,IND,LAC,4
20141217HOUDEN,HOU,DEN,5
20141218NYKCHI,NYK,CHI,4
20141218NOPHOU,NOP,HOU,4
20141218MILSAC,MIL,SAC,4
20141218OKCGSW,OKC,GSW,4
20141219UTAORL,UTA,ORL,4
20141219CHAPHI,CHA,PHI,4
20141219MINBOS,MIN,BOS,4
20141219BKNCLE,BKN,CLE,4
20141219TORDET,TOR,DET,4
20141219WASMIA,WAS,MIA,4
20141219CHIMEM,CHI,MEM,4
20141219PORSAS,POR,SAS,7
20141219LACDEN,LAC,DEN,4
20141219OKCLAL,OKC,LAL,4
20141220PHXNYK,PHX,NYK,4
20141220PORNOP,POR,NOP,4
20141220UTACHA,UTA,CHA,4
20141220ATLHOU,ATL,HOU,4
20141220SASDAL,SAS,DAL,4
20141220INDDEN,IND,DEN,4
20141220MILLAC,MIL,LAC,4
20141221NYKTOR,NYK,TOR,4
20141221MEMCLE,MEM,CLE,4
20141221LALSAC,LAL,SAC,4
20141221DETBKN,DET,BKN,4
20141221BOSMIA,BOS,MIA,4
20141221PHIORL,PHI,ORL,4
20141221PHXWAS,PHX,WAS,4
20141221INDMIN,IND,MIN,4
20141221NOPOKC,NOP,OKC,4
20141222DENCHA,DEN,CHA,4
20141222TORCHI,TOR,CHI,4
20141222PORHOU,POR,HOU,4
20141222UTAMEM,UTA,MEM,4
20141222ATLDAL,ATL,DAL,4
20141222LACSAS,LAC,SAS,4
20141222SACGSW,SAC,GSW,4
20141223MINCLE,MIN,CLE,4
20141223NOPIND,NOP,IND,4
20141223BOSORL,BOS,ORL,4
20141223CHIWAS,CHI,WAS,4
20141223LACATL,LAC,ATL,4
20141223DENBKN,DEN,BKN,4
20141223PHIMIA,PHI,MIA,4
20141223CHAMIL,CHA,MIL,4
20141223POROKC,POR,OKC,5
20141223DALPHX,DAL,PHX,4
20141223GSWLAL,GSW,LAL,4
20141225WASNYK,WAS,NYK,4
20141225OKCSAS,OKC,SAS,4
20141225CLEMIA,CLE,MIA,4
20141225LALCHI,LAL,CHI,4
20141225GSWLAC,GSW,LAC,4
20141226BKNBOS,BKN,BOS,4
20141226CLEORL,CLE,ORL,4
20141226MILATL,MIL,ATL,4
20141226INDDET,IND,DET,4
20141226HOUMEM,HOU,MEM,5
20141226SASNOP,SAS,NOP,4
20141226CHAOKC,CHA,OKC,4
20141226LALDAL,LAL,DAL,4
20141226MINDEN,MIN,DEN,4
20141226PHIPOR,PHI,POR,4
20141226PHXSAC,PHX,SAC,4
20141227TORLAC,TOR,LAC,4
20141227ORLCHA,ORL,CHA,4
20141227BOSWAS,BOS,WAS,4
20141227MEMMIA,MEM,MIA,4
20141227NOPCHI,NOP,CHI,4
20141227INDBKN,IND,BKN,4
20141227ATLMIL,ATL,MIL,4
20141227PHIUTA,PHI,UTA,4
20141227NYKSAC,NYK,SAC,5
20141227MINGSW,MIN,GSW,4
20141228DETCLE,DET,CLE,4
20141228HOUSAS,HOU,SAS,4
20141228OKCDAL,OKC,DAL,4
20141228NYKPOR,NYK,POR,4
20141228TORDEN,TOR,DEN,4
20141228PHXLAL,PHX,LAL,4
20141229MILCHA,MIL,CHA,5
20141229CHIIND,CHI,IND,4
20141229SACBKN,SAC,BKN,4
20141229ORLMIA,ORL,MIA,4
20141229WASHOU,WAS,HOU,4
20141229UTALAC,UTA,LAC,4
20141230DETORL,DET,ORL,4
20141230CLEATL,CLE,ATL,4
20141230BKNCHI,BKN,CHI,4
20141230SASMEM,SAS,MEM,4
20141230PHXNOP,PHX,NOP,4
20141230WASDAL,WAS,DAL,4
20141230LALDEN,LAL,DEN,4
20141230MINUTA,MIN,UTA,4
20141230TORPOR,TOR,POR,5
20141230PHIGSW,PHI,GSW,4
20141231SACBOS,SAC,BOS,4
20141231MIAIND,MIA,IND,4
20141231NYKLAC,NYK,LAC,4
20141231CHAHOU,CHA,HOU,4
20141231MILCLE,MIL,CLE,4
20141231PHXOKC,PHX,OKC,5
20141231NOPSAS,NOP,SAS,5
20150101DENCHI,DEN,CHI,4
20150101SACMIN,SAC,MIN,4
20150102CLECHA,CLE,CHA,4
20150102BKNORL,BKN,ORL,4
20150102DALBOS,DAL,BOS,4
20150102DETNYK,DET,NYK,4
20150102HOUNOP,HOU,NOP,4
20150102WASOKC,WAS,OKC,4
20150102INDMIL,IND,MIL,4
20150102PHIPHX,PHI,PHX,4
20150102ATLUTA,ATL,UTA,4
20150102TORGSW,TOR,GSW,4
20150102MEMLAL,MEM,LAL,4
20150103CHAORL,CHA,ORL,4
20150103BOSCHI,BOS,CHI,5
20150103MIAHOU,MIA,HOU,4
20150103UTAMIN,UTA,MIN,4
20150103WASSAS,WAS,SAS,4
20150103MEMDEN,MEM,DEN,4
20150103ATLPOR,ATL,POR,4
20150103PHILAC,PHI,LAC,4
20150104DALCLE,DAL,CLE,4
20150104SACDET,SAC,DET,4
20150104BKNMIA,BKN,MIA,4
20150104MILNYK,MIL,NYK,4
20150104TORPHX,TOR,PHX,4
20150104INDLAL,IND,LAL,4
20150105CLEPHI,CLE,PHI,4
20150105CHABOS,CHA,BOS,4
20150105DALBKN,DAL,BKN,5
20150105HOUCHI,HOU,CHI,4
20150105NYKMEM,NYK,MEM,4
20150105DENMIN,DEN,MIN,4
20150105WASNOP,WAS,NOP,4
20150105INDUTA,IND,UTA,4
20150105LALPOR,LAL,POR,4
20150105OKCGSW,OKC,GSW,4
20150105ATLLAC,ATL,LAC,4
20150106PHXMIL,PHX,MIL,4
20150106DETSAS,DET,SAS,4
20150107NOPCHA,NOP,CHA,4
20150107HOUCLE,HOU,CLE,4
20150107MILPHI,MIL,PHI,4
20150107NYKWAS,NYK,WAS,4
20150107MEMATL,MEM,ATL,4
20150107BOSBKN,BOS,BKN,4
20150107UTACHI,UTA,CHI,4
20150107DETDAL,DET,DAL,4
20150107ORLDEN,ORL,DEN,4
20150107PHXMIN,PHX,MIN,4
20150107OKCSAC,OKC,SAC,4
20150107INDGSW,IND,GSW,4
20150107LALLAC,LAL,LAC,4
20150108CHATOR,CHA,TOR,4
20150108HOUNYK,HOU,NYK,4
20150108MIAPOR,MIA,POR,4
20150109BOSIND,BOS,IND,5
20150109PHIBKN,PHI,BKN,4
20150109ATLDET,ATL,DET,4
20150109MEMNOP,MEM,NOP,4
20150109UTAOKC,UTA,OKC,4
20150109CHIWAS,CHI,WAS,4
20150109MINMIL,MIN,MIL,4
20150109PHXSAS,PHX,SAS,4
20150109DENSAC,DEN,SAC,4
20150109CLEGSW,CLE,GSW,4
20150109ORLLAL,ORL,LAL,4
20150110CHANYK,CHA,NYK,4
20150110DALLAC,DAL,LAC,4
20150110BKNDET,BKN,DET,4
20150110INDPHI,IND,PHI,4
20150110BOSTOR,BOS,TOR,4
20150110MILCHI,MIL,CHI,4
20150110UTAHOU,UTA,HOU,4
20150110SASMIN,SAS,MIN,4
20150110ORLPOR,ORL,POR,4
20150111WASATL,WAS,ATL,4
20150111MIALAC,MIA,LAC,4
20150111PHXMEM,PHX,MEM,6
20150111CLESAC,CLE,SAC,4
20150111PORLAL,POR,LAL,4
20150112NOPBOS,NOP,BOS,4
20150112HOUBKN,HOU,BKN,4
20150112DETTOR,DET,TOR,4
20150112ORLCHI,ORL,CHI,4
20150113MININD,MIN,IND,4
20150113ATLPHI,ATL,PHI,4
20150113SASWAS,SAS,WAS,4
20150113CLEPHX,CLE,PHX,4
20150113GSWUTA,GSW,UTA,4
20150113DALSAC,DAL,SAC,5
20150113MIALAL,MIA,LAL,4
20150114SASCHA,SAS,CHA,4
20150114HOUORL,HOU,ORL,4
20150114MEMBKN,MEM,BKN,4
20150114NOPDET,NOP,DET,4
20150114PHITOR,PHI,TOR,4
20150114WASCHI,WAS,CHI,4
20150114ATLBOS,ATL,BOS,4
20150114DALDEN,DAL,DEN,4
20150114MIAGSW,MIA,GSW,4
20150114LACPOR,LAC,POR,4
20150115OKCHOU,OKC,HOU,4
20150115NYKMIL,NYK,MIL,4
20150115CLELAL,CLE,LAL,4
20150116DETIND,DET,IND,4
20150116MEMORL,MEM,ORL,4
20150116NOPPHI,NOP,PHI,4
20150116BKNWAS,BKN,WAS,4
20150116CHIBOS,CHI,BOS,4
20150116ATLTOR,ATL,TOR,4
20150116GSWOKC,GSW,OKC,4
20150116DENDAL,DEN,DAL,4
20150116PORSAS,POR,SAS,4
20150116MINPHX,MIN,PHX,4
20150116LALUTA,LAL,UTA,4
20150116MIASAC,MIA,SAC,4
20150116CLELAC,CLE,LAC,4
20150117INDCHA,IND,CHA,5
20150117PHIDET,PHI,DET,4
20150117ATLCHI,ATL,CHI,4
20150117GSWHOU,GSW,HOU,4
20150117PORMEM,POR,MEM,4
20150117WASBKN,WAS,BKN,4
20150117MINDEN,MIN,DEN,4
20150117LACSAC,LAC,SAC,4
20150118NOPTOR,NOP,TOR,4
20150118OKCORL,OKC,ORL,4
20150118UTASAS,UTA,SAS,4
20150119MINCHA,MIN,CHA,4
20150119PHIWAS,PHI,WAS,4
20150119DETATL,DET,ATL,4
20150119BOSLAC,BOS,LAC,4
20150119DENGSW,DEN,GSW,4
20150119DALMEM,DAL,MEM,4
20150119INDHOU,IND,HOU,4
20150119NOPNYK,NOP,NYK,4
20150119TORMIL,TOR,MIL,4
20150119CHICLE,CHI,CLE,4
20150119SACPOR,SAC,POR,4
20150119LALPHX,LAL,PHX,4
20150120OKCMIA,OKC,MIA,4
20150120SASDEN,SAS,DEN,4
20150121MIACHA,MIA,CHA,4
20150121UTACLE,UTA,CLE,4
20150121NYKPHI,NYK,PHI,4
20150121INDATL,IND,ATL,4
20150121ORLDET,ORL,DET,4
20150121TORMEM,TOR,MEM,4
20150121DALMIN,DAL,MIN,4
20150121LALNOP,LAL,NOP,4
20150121OKCWAS,OKC,WAS,5
20150121PORPHX,POR,PHX,4
20150121BKNSAC,BKN,SAC,4
20150121HOUGSW,HOU,GSW,4
20150122SASCHI,SAS,CHI,4
20150122UTAMIL,UTA,MIL,4
20150122BOSPOR,BOS,POR,4
20150122BKNLAC,BKN,LAC,4
20150123TORPHI,TOR,PHI,4
20150123OKCATL,OKC,ATL,4
20150123CHACLE,CHA,CLE,4
20150123INDMIA,IND,MIA,4
20150123ORLNYK,ORL,NYK,4
20150123CHIDAL,CHI,DAL,4
20150123NOPMIN,NOP,MIN,4
20150123LALSAS,LAL,SAS,4
20150123BOSDEN,BOS,DEN,4
20150123HOUPHX,HOU,PHX,4
20150123SACGSW,SAC,GSW,4
20150124NYKCHA,NYK,CHA,4
20150124DETMIL,DET,MIL,4
20150124PHIMEM,PHI,MEM,4
20150124BKNUTA,BKN,UTA,4
20150124WASPOR,WAS,POR,4
20150125MIACHI,MIA,CHI,4
20150125OKCCLE,OKC,CLE,4
20150125LACPHX,LAC,PHX,4
20150125DALNOP,DAL,NOP,4
20150125MINATL,MIN,ATL,4
20150125INDORL,IND,ORL,4
20150125MILSAS,MIL,SAS,4
20150125DETTOR,DET,TOR,4
20150125BOSGSW,BOS,GSW,4
20150125WASDEN,WAS,DEN,5
20150125HOULAL,HOU,LAL,4
20150126ORLMEM,ORL,MEM,4
20150126PHINOP,PHI,NOP,4
20150126MINOKC,MIN,OKC,4
20150126BOSUTA,BOS,UTA,4
20150126DENLAC,DEN,LAC,4
20150127TORIND,TOR,IND,4
20150127CLEDET,CLE,DET,4
20150127MILMIA,MIL,MIA,4
20150127MEMDAL,MEM,DAL,4
20150127CHIGSW,CHI,GSW,5
20150127WASLAL,WAS,LAL,4
20150128PORCLE,POR,CLE,4
20150128DETPHI,DET,PHI,4
20150128BKNATL,BKN,ATL,4
20150128SACTOR,SAC,TOR,4
20150128DALHOU,DAL,HOU,4
20150128BOSMIN,BOS,MIN,4
20150128DENNOP,DEN,NOP,4
20150128OKCNYK,OKC,NYK,4
20150128CHASAS,CHA,SAS,4
20150128LACUTA,LAC,UTA,4
20150128WASPHX,WAS,PHX,4
20150129MILORL,MIL,ORL,4
20150129DENMEM,DEN,MEM,4
20150129NYKIND,NYK,IND,4
20150129CHILAL,CHI,LAL,6
20150130MINPHI,MIN,PHI,4
20150130PORATL,POR,ATL,4
20150130HOUBOS,HOU,BOS,4
20150130TORBKN,TOR,BKN,5
20150130SACCLE,SAC,CLE,4
20150130LACNOP,LAC,NOP,4
20150130DALMIA,DAL,MIA,4
20150130GSWUTA,GSW,UTA,4
20150130CHIPHX,CHI,PHX,4
20150131SACIND,SAC,IND,4
20150131DALORL,DAL,ORL,4
20150131TORWAS,TOR,WAS,5
20150131PHIATL,PHI,ATL,4
20150131HOUDET,HOU,DET,4
20150131OKCMEM,OKC,MEM,4
20150131CLEMIN,CLE,MIN,4
20150131PORMIL,POR,MIL,4
20150131CHADEN,CHA,DEN,4
20150131LACSAS,LAC,SAS,4
20150131PHXGSW,PHX,GSW,4
20150201MIABOS,MIA,BOS,4
20150201LALNYK,LAL,NYK,4
20150202PHICLE,PHI,CLE,4
20150202CHAWAS,CHA,WAS,4
20150202LACBKN,LAC,BKN,4
20150202MILTOR,MIL,TOR,4
20150202ATLNOP,ATL,NOP,4
20150202ORLOKC,ORL,OKC,4
20150202MINDAL,MIN,DAL,4
20150202MEMPHX,MEM,PHX,4
20150203DENPHI,DEN,PHI,4
20150203MIADET,MIA,DET,4
20150203BOSNYK,BOS,NYK,4
20150203UTAPOR,UTA,POR,4
20150203GSWSAC,GSW,SAC,4
20150204DETIND,DET,IND,4
20150204WASATL,WAS,ATL,4
20150204DENBOS,DEN,BOS,4
20150204BKNTOR,BKN,TOR,4
20150204CHIHOU,CHI,HOU,4
20150204LALMIL,LAL,MIL,5
20150204MIAMIN,MIA,MIN,4
20150204OKCNOP,OKC,NOP,4
20150204ORLSAS,ORL,SAS,4
20150204MEMUTA,MEM,UTA,4
20150204DALGSW,DAL,GSW,4
20150205WASCHA,WAS,CHA,4
20150205LACCLE,LAC,CLE,4
20150205DALSAC,DAL,SAC,4
20150205PHXPOR,PHX,POR,4
20150206NYKBKN,NYK,BKN,4
20150206CLEIND,CLE,IND,4
20150206LALORL,LAL,ORL,5
20150206GSWATL,GSW,ATL,4
20150206PHIBOS,PHI,BOS,4
20150206DENDET,DEN,DET,4
20150206LACTOR,LAC,TOR,4
20150206MILHOU,MIL,HOU,4
20150206MEMMIN,MEM,MIN,4
20150206NOPOKC,NOP,OKC,4
20150206UTAPHX,UTA,PHX,4
20150206MIASAS,MIA,SAS,4
20150207CHINOP,CHI,NOP,4
20150207BKNWAS,BKN,WAS,4
20150207GSWNYK,GSW,NYK,4
20150207CHAPHI,CHA,PHI,4
20150207PORDAL,POR,DAL,5
20150207BOSMIL,BOS,MIL,4
20150207SACUTA,SAC,UTA,4
20150208LACOKC,LAC,OKC,4
20150208LALCLE,LAL,CLE,4
20150208ATLMEM,ATL,MEM,4
20150208INDCHA,IND,CHA,4
20150208MINDET,MIN,DET,4
20150208CHIORL,CHI,ORL,4
20150208PORHOU,POR,HOU,4
20150208SASTOR,SAS,TOR,4
20150208PHXSAC,PHX,SAC,4
20150209SASIND,SAS,IND,4
20150209GSWPHI,GSW,PHI,4
20150209ORLWAS,ORL,WAS,4
20150209NYKMIA,NYK,MIA,4
20150209BKNMIL,BKN,MIL,4
20150209ATLMIN,ATL,MIN,4
20150209UTANOP,UTA,NOP,4
20150209LACDAL,LAC,DAL,4
20150209OKCDEN,OKC,DEN,4
20150210DETCHA,DET,CHA,4
20150210HOUPHX,HOU,PHX,4
20150210SACCHI,SAC,CHI,4
20150210BKNMEM,BKN,MEM,4
20150210DENLAL,DEN,LAL,4
20150211NYKORL,NYK,ORL,4
20150211ATLBOS,ATL,BOS,4
20150211SASDET,SAS,DET,4
20150211WASTOR,WAS,TOR,4
20150211SACMIL,SAC,MIL,4
20150211GSWMIN,GSW,MIN,4
20150211INDNOP,IND,NOP,4
20150211MEMOKC,MEM,OKC,4
20150211MIACLE,MIA,CLE,4
20150211UTADAL,UTA,DAL,4
20150211LALPOR,LAL,POR,4
20150211HOULAC,HOU,LAC,4
20150212CLECHI,CLE,CHI,4
20150219DALOKC,DAL,OKC,4
20150219SASLAC,SAS,LAC,4
20150220NOPORL,NOP,ORL,4
20150220INDPHI,IND,PHI,4
20150220TORATL,TOR,ATL,4
20150220CHIDET,CHI,DET,4
20150220MIANYK,MIA,NYK,4
20150220PHXMIN,PHX,MIN,4
20150220CLEWAS,CLE,WAS,4
20150220HOUDAL,HOU,DAL,4
20150220DENMIL,DEN,MIL,4
20150220PORUTA,POR,UTA,4
20150220BOSSAC,BOS,SAC,4
20150220SASGSW,SAS,GSW,4
20150220BKNLAL,BKN,LAL,4
20150221OKCCHA,OKC,CHA,4
20150221NOPMIA,NOP,MIA,4
20150221PHXCHI,PHX,CHI,4
20150221TORHOU,TOR,HOU,4
20150221SACLAC,SAC,LAC,4
20150222CLENYK,CLE,NYK,4
20150222ATLMIL,ATL,MIL,4
20150222WASDET,WAS,DET,4
20150222GSWIND,GSW,IND,4
20150222PHIORL,PHI,ORL,4
20150222DENOKC,DEN,OKC,4
20150222CHADAL,CHA,DAL,4
20150222MEMPOR,MEM,POR,4
20150222BOSLAL,BOS,LAL,5
20150223PHIMIA,PHI,MIA,4
20150223MILCHI,MIL,CHI,4
20150223MINHOU,MIN,HOU,4
20150223TORNOP,TOR,NOP,4
20150223BKNDEN,BKN,DEN,4
20150223BOSPHX,BOS,PHX,4
20150223SASUTA,SAS,UTA,4
20150223MEMLAC,MEM,LAC,4
20150224GSWWAS,GSW,WAS,4
20150224CLEDET,CLE,DET,4
20150224INDOKC,IND,OKC,4
20150224TORDAL,TOR,DAL,4
20150225MIAORL,MIA,ORL,5
20150225DALATL,DAL,ATL,4
20150225NYKBOS,NYK,BOS,4
20150225CHACHI,CHA,CHI,4
20150225LACHOU,LAC,HOU,4
20150225PHIMIL,PHI,MIL,4
20150225WASMIN,WAS,MIN,4
20150225BKNNOP,BKN,NOP,4
20150225PHXDEN,PHX,DEN,4
20150225LALUTA,LAL,UTA,4
20150225MEMSAC,MEM,SAC,4
20150225SASPOR,SAS,POR,4
20150226GSWCLE,GSW,CLE,4
20150226OKCPHX,OKC,PHX,5
20150227CLEIND,CLE,IND,4
20150227WASPHI,WAS,PHI,4
20150227ORLATL,ORL,ATL,4
20150227CHABOS,CHA,BOS,4
20150227NYKDET,NYK,DET,6
20150227GSWTOR,GSW,TOR,4
20150227MINCHI,MIN,CHI,4
20150227BKNHOU,BKN,HOU,4
20150227LACMEM,LAC,MEM,4
20150227MIANOP,MIA,NOP,4
20150227UTADEN,UTA,DEN,4
20150227SASSAC,SAS,SAC,4
20150227MILLAL,MIL,LAL,4
20150227OKCPOR,OKC,POR,4
20150228DETWAS,DET,WAS,4
20150228ATLMIA,ATL,MIA,4
20150228TORNYK,TOR,NYK,4
20150228MEMMIN,MEM,MIN,4
20150228BKNDAL,BKN,DAL,4
20150228SASPHX,SAS,PHX,4
20150228MILUTA,MIL,UTA,4
20150301LACCHI,LAC,CHI,4
20150301OKCLAL,OKC,LAL,4
20150301PORSAC,POR,SAC,4
20150301GSWBOS,GSW,BOS,4
20150301PHIIND,PHI,IND,4
20150301CHAORL,CHA,ORL,4
20150301CLEHOU,CLE,HOU,5
20150301NOPDEN,NOP,DEN,4
20150302TORPHI,TOR,PHI,4
20150302GSWBKN,GSW,BKN,4
20150302PHXMIA,PHX,MIA,4
20150302LACMIN,LAC,MIN,4
20150302NOPDAL,NOP,DAL,4
20150303LALCHA,LAL,CHA,4
20150303BOSCLE,BOS,CLE,4
20150303HOUATL,HOU,ATL,4
20150303WASCHI,WAS,CHI,4
20150303UTAMEM,UTA,MEM,4
20150303MILDEN,MIL,DEN,4
20150304NYKIND,NYK,IND,4
20150304PHXORL,PHX,ORL,4
20150304UTABOS,UTA,BOS,4
20150304CHABKN,CHA,BKN,4
20150304CLETOR,CLE,TOR,4
20150304MEMHOU,MEM,HOU,4
20150304DENMIN,DEN,MIN,4
20150304DETNOP,DET,NOP,4
20150304PHIOKC,PHI,OKC,5
20150304LALMIA,LAL,MIA,4
20150304SACSAS,SAC,SAS,4
20150304MILGSW,MIL,GSW,4
20150304PORLAC,POR,LAC,5
20150305OKCCHI,OKC,CHI,4
20150305DALPOR,DAL,POR,4
20150306TORCHA,TOR,CHA,4
20150306CHIIND,CHI,IND,4
20150306SACORL,SAC,ORL,4
20150306UTAPHI,UTA,PHI,4
20150306CLEATL,CLE,ATL,4
20150306PHXBKN,PHX,BKN,5
20150306DETHOU,DET,HOU,4
20150306LALMEM,LAL,MEM,4
20150306BOSNOP,BOS,NOP,4
20150306MIAWAS,MIA,WAS,4
20150306DENSAS,DEN,SAS,4
20150306DALGSW,DAL,GSW,4
20150307MEMNOP,MEM,NOP,4
20150307PHXCLE,PHX,CLE,4
20150307SACMIA,SAC,MIA,5
20150307INDNYK,IND,NYK,4
20150307ATLPHI,ATL,PHI,4
20150307PORMIN,POR,MIN,4
20150307WASMIL,WAS,MIL,4
20150307HOUDEN,HOU,DEN,4
20150308CHISAS,CHI,SAS,4
20150308LACGSW,LAC,GSW,4
20150308UTABKN,UTA,BKN,4
20150308CHADET,CHA,DET,4
20150308BOSORL,BOS,ORL,4
20150308TOROKC,TOR,OKC,4
20150308DALLAL,DAL,LAL,4
20150309WASCHA,WAS,CHA,4
20150309SACATL,SAC,ATL,4
20150309BOSMIA,BOS,MIA,4
20150309MEMCHI,MEM,CHI,4
20150309NOPMIL,NOP,MIL,4
20150309NYKDEN,NYK,DEN,4
20150309GSWPHX,GSW,PHX,4
20150309MINLAC,MIN,LAC,4
20150310ORLIND,ORL,IND,4
20150310NOPBKN,NOP,BKN,4
20150310CLEDAL,CLE,DAL,4
20150310TORSAS,TOR,SAS,4
20150310NYKUTA,NYK,UTA,4
20150310DETLAL,DET,LAL,4
20150311SACCHA,SAC,CHA,4
20150311CHIPHI,CHI,PHI,5
20150311MEMBOS,MEM,BOS,4
20150311BKNMIA,BKN,MIA,4
20150311ORLMIL,ORL,MIL,4
20150311LACOKC,LAC,OKC,4
20150311ATLDEN,ATL,DEN,4
20150311MINPHX,MIN,PHX,4
20150311DETGSW,DET,GSW,4
20150311HOUPOR,HOU,POR,4
20150312MILIND,MIL,IND,5
20150312MEMWAS,MEM,WAS,4
20150312CLESAS,CLE,SAS,5
20150312HOUUTA,HOU,UTA,4
20150312NYKLAL,NYK,LAL,4
20150313CHICHA,CHI,CHA,4
20150313SACPHI,SAC,PHI,4
20150313ORLBOS,ORL,BOS,4
20150313MIATOR,MIA,TOR,4
20150313MINOKC,MIN,OKC,4
20150313LACDAL,LAC,DAL,4
20150313GSWDEN,GSW,DEN,4
20150313ATLPHX,ATL,PHX,4
20150313DETPOR,DET,POR,4
20150314BOSIND,BOS,IND,4
20150314SACWAS,SAC,WAS,4
20150314BKNPHI,BKN,PHI,4
20150314MILMEM,MIL,MEM,4
20150314DETUTA,DET,UTA,4
20150314NYKGSW,NYK,GSW,4
20150315CHIOKC,CHI,OKC,4
20150315HOULAC,HOU,LAC,4
20150315DENNOP,DEN,NOP,6
20150315CLEORL,CLE,ORL,4
20150315MINSAS,MIN,SAS,4
20150315PORTOR,POR,TOR,4
20150315NYKPHX,NYK,PHX,4
20150315ATLLAL,ATL,LAL,4
20150316TORIND,TOR,IND,4
20150316PORWAS,POR,WAS,4
20150316PHIBOS,PHI,BOS,4
20150316DENMEM,DEN,MEM,4
20150316BKNMIN,BKN,MIN,4
20150316CLEMIA,CLE,MIA,4
20150316OKCDAL,OKC,DAL,4
20150316CHAUTA,CHA,UTA,4
20150316ATLSAC,ATL,SAC,4
20150316LALGSW,LAL,GSW,4
20150317MEMDET,MEM,DET,4
20150317SASNYK,SAS,NYK,5
20150317ORLHOU,ORL,HOU,4
20150317MILNOP,MIL,NOP,4
20150317CHALAC,CHA,LAC,4
20150318BKNCLE,BKN,CLE,4
20150318DETPHI,DET,PHI,4
20150318PORMIA,POR,MIA,4
20150318MINTOR,MIN,TOR,4
20150318INDCHI,IND,CHI,4
20150318SASMIL,SAS,MIL,4
20150318BOSOKC,BOS,OKC,4
20150318ORLDAL,ORL,DAL,4
20150318LACSAC,LAC,SAC,4
20150318ATLGSW,ATL,GSW,4
20150318WASUTA,WAS,UTA,4
20150319MINNYK,MIN,NYK,5
20150319DENHOU,DEN,HOU,4
20150319NOPPHX,NOP,PHX,4
20150319UTALAL,UTA,LAL,4
20150320PORORL,POR,ORL,4
20150320NYKPHI,NYK,PHI,4
20150320MILBKN,MIL,BKN,7
20150320INDCLE,IND,CLE,4
20150320DENMIA,DEN,MIA,4
20150320TORCHI,TOR,CHI,4
20150320ATLOKC,ATL,OKC,4
20150320MEMDAL,MEM,DAL,4
20150320BOSSAS,BOS,SAS,4
20150320CHASAC,CHA,SAC,4
20150320NOPGSW,NOP,GSW,4
20150320WASLAC,WAS,LAC,4
20150321BKNIND,BKN,IND,4
20150321CHIDET,CHI,DET,4
20150321PHXHOU,PHX,HOU,4
20150321PORMEM,POR,MEM,4
20150321UTAGSW,UTA,GSW,4
20150322CLEMIL,CLE,MIL,4
20150322MIAOKC,MIA,OKC,4
20150322SASATL,SAS,ATL,4
20150322NOPLAC,NOP,LAC,4
20150322NYKTOR,NYK,TOR,4
20150322WASSAC,WAS,SAC,4
20150322DETBOS,DET,BOS,5
20150322DENORL,DEN,ORL,4
20150322CHAMIN,CHA,MIN,4
20150322DALPHX,DAL,PHX,4
20150322PHILAL,PHI,LAL,4
20150323HOUIND,HOU,IND,4
20150323BOSBKN,BOS,BKN,4
20150323MEMNYK,MEM,NYK,4
20150323CHACHI,CHA,CHI,4
20150323MINUTA,MIN,UTA,5
20150323WASGSW,WAS,GSW,4
20150324TORDET,TOR,DET,4
20150324MIAMIL,MIA,MIL,4
20150324LALOKC,LAL,OKC,4
20150324SASDAL,SAS,DAL,4
20150324PHISAC,PHI,SAC,4
20150324GSWPOR,GSW,POR,4
20150325BKNCHA,BKN,CHA,4
20150325LACNYK,LAC,NYK,4
20150325ATLORL,ATL,ORL,4
20150325INDWAS,IND,WAS,4
20150325MIABOS,MIA,BOS,4
20150325CHITOR,CHI,TOR,4
20150325CLEMEM,CLE,MEM,4
20150325LALMIN,LAL,MIN,5
20150325HOUNOP,HOU,NOP,4
20150325PHIDEN,PHI,DEN,4
20150325PORUTA,POR,UTA,4
20150325OKCSAS,OKC,SAS,4
20150325SACPHX,SAC,PHX,4
20150326INDMIL,IND,MIL,4
20150327DETORL,DET,ORL,4
20150327LACPHI,LAC,PHI,4
20150327CHAWAS,CHA,WAS,6
20150327MIAATL,MIA,ATL,4
20150327CLEBKN,CLE,BKN,4
20150327BOSNYK,BOS,NYK,4
20150327LALTOR,LAL,TOR,4
20150327MINHOU,MIN,HOU,4
20150327GSWMEM,GSW,MEM,4
20150327SACNOP,SAC,NOP,4
20150327DALSAS,DAL,SAS,4
20150327UTADEN,UTA,DEN,4
20150327PORPHX,POR,PHX,4
20150328ATLCHA,ATL,CHA,4
20150328NYKCHI,NYK,CHI,4
20150328GSWMIL,GSW,MIL,4
20150328OKCUTA,OKC,UTA,4
20150328DENPOR,DEN,POR,4
20150329PHICLE,PHI,CLE,4
20150329LALBKN,LAL,BKN,4
20150329MINNOP,MIN,NOP,4
20150329LACBOS,LAC,BOS,4
20150329DETMIA,DET,MIA,4
20150329HOUWAS,HOU,WAS,4
20150329MEMSAS,MEM,SAS,4
20150329DALIND,DAL,IND,4
20150329OKCPHX,OKC,PHX,4
20150330BOSCHA,BOS,CHA,4
20150330LALPHI,LAL,PHI,5
20150330MILATL,MIL,ATL,4
20150330HOUTOR,HOU,TOR,4
20150330SACMEM,SAC,MEM,4
20150330UTAMIN,UTA,MIN,4
20150330PHXPOR,PHX,POR,4
20150331INDBKN,IND,BKN,4
20150331ATLDET,ATL,DET,4
20150331SASMIA,SAS,MIA,4
20150331GSWLAC,GSW,LAC,4
20150401DETCHA,DET,CHA,4
20150401SASORL,SAS,ORL,4
20150401PHIWAS,PHI,WAS,4
20150401INDBOS,IND,BOS,4
20150401BKNNYK,BKN,NYK,4
20150401SACHOU,SAC,HOU,4
20150401CHIMIL,CHI,MIL,4
20150401TORMIN,TOR,MIN,4
20150401DALOKC,DAL,OKC,4
20150401DENUTA,DEN,UTA,4
20150401LACPOR,LAC,POR,4
20150401NOPLAL,NOP,LAL,4
20150402MIACLE,MIA,CLE,4
20150402HOUDAL,HOU,DAL,4
20150402PHXGSW,PHX,GSW,4
20150403CHAIND,CHA,IND,4
20150403NYKWAS,NYK,WAS,4
20150403MILBOS,MIL,BOS,4
20150403TORBKN,TOR,BKN,4
20150403DETCHI,DET,CHI,4
20150403OKCMEM,OKC,MEM,4
20150403ORLMIN,ORL,MIN,4
20150403DENSAS,DEN,SAS,4
20150403NOPSAC,NOP,SAC,4
20150403PORLAL,POR,LAL,4
20150404PHICHA,PHI,CHA,4
20150404BKNATL,BKN,ATL,4
20150404MIADET,MIA,DET,4
20150404BOSTOR,BOS,TOR,5
20150404WASMEM,WAS,MEM,4
20150404GSWDAL,GSW,DAL,4
20150404ORLMIL,ORL,MIL,4
20150404LACDEN,LAC,DEN,4
20150404UTAPHX,UTA,PHX,4
20150404NOPPOR,NOP,POR,4
20150405HOUOKC,HOU,OKC,4
20150405CHICLE,CHI,CLE,4
20150405MIAIND,MIA,IND,4
20150405GSWSAS,GSW,SAS,4
20150405PHINYK,PHI,NYK,4
20150405UTASAC,UTA,SAC,4
20150405LACLAL,LAC,LAL,4
20150407PHXATL,PHX,ATL,4
20150407CHAMIA,CHA,MIA,4
20150407GSWNOP,GSW,NOP,4
20150407SASOKC,SAS,OKC,4
20150407MINSAC,MIN,SAC,4
20150407LALLAC,LAL,LAC,4
20150408TORCHA,TOR,CHA,4
20150408CHIORL,CHI,ORL,4
20150408WASPHI,WAS,PHI,4
20150408ATLBKN,ATL,BKN,4
20150408BOSDET,BOS,DET,4
20150408INDNYK,IND,NYK,4
20150408NOPMEM,NOP,MEM,4
20150408CLEMIL,CLE,MIL,4
20150408HOUSAS,HOU,SAS,4
20150408LALDEN,LAL,DEN,4
20150408SACUTA,SAC,UTA,4
20150408PHXDAL,PHX,DAL,4
20150408MINPOR,MIN,POR,4
20150409CHIMIA,CHI,MIA,4
20150409PORGSW,POR,GSW,4
20150410TORORL,TOR,ORL,4
20150410CHAATL,CHA,ATL,4
20150410WASBKN,WAS,BKN,4
20150410BOSCLE,BOS,CLE,4
20150410INDDET,IND,DET,4
20150410MILNYK,MIL,NYK,4
20150410SASHOU,SAS,HOU,4
20150410PHXNOP,PHX,NOP,4
20150410SACOKC,SAC,OKC,4
20150410DALDEN,DAL,DEN,6
20150410MEMUTA,MEM,UTA,4
20150410MINLAL,MIN,LAL,4
20150411NYKORL,NYK,ORL,4
20150411TORMIA,TOR,MIA,4
20150411PHICHI,PHI,CHI,4
20150411MEMLAC,MEM,LAC,4
20150411UTAPOR,UTA,POR,4
20150411MINGSW,MIN,GSW,4
20150412BKNMIL,BKN,MIL,4
20150412CLEBOS,CLE,BOS,4
20150412CHADET,CHA,DET,4
20150412SACDEN,SAC,DEN,4
20150412OKCIND,OKC,IND,4
20150412ATLWAS,ATL,WAS,4
20150412NOPHOU,NOP,HOU,4
20150412PHXSAS,PHX,SAS,4
20150412DALLAL,DAL,LAL,4
20150413HOUCHA,HOU,CHA,4
20150413DETCLE,DET,CLE,4
20150413MILPHI,MIL,PHI,4
20150413NYKATL,NYK,ATL,4
20150413CHIBKN,CHI,BKN,4
20150413ORLMIA,ORL,MIA,4
20150413NOPMIN,NOP,MIN,4
20150413POROKC,POR,OKC,4
20150413DALUTA,DAL,UTA,4
20150413LALSAC,LAL,SAC,4
20150413MEMGSW,MEM,GSW,4
20150413DENLAC,DEN,LAC,4
20150414TORBOS,TOR,BOS,4
20150414WASIND,WAS,IND,6
20150414LACPHX,LAC,PHX,4
20150415ATLCHI,ATL,CHI,4
20150415PORDAL,POR,DAL,4
20150415UTAHOU,UTA,HOU,4
20150415INDMEM,IND,MEM,4
20150415BOSMIL,BOS,MIL,4
20150415OKCMIN,OKC,MIN,4
20150415SASNOP,SAS,NOP,4
20150415ORLBKN,ORL,BKN,4
20150415WASCLE,WAS,CLE,5
20150415DETNYK,DET,NYK,4
20150415MIAPHI,MIA,PHI,4
20150415CHATOR,CHA,TOR,4
20150415DENGSW,DEN,GSW,4
