gameid,gameid_num,eventid,prd,msg_type,action_type,vtms,htms,tm,game_clock,player_code,play
20131129GSWOKC,0021300235,1,1,12,0,,0,0,12:00,player_code,Start of 1st Quarter
20131129GSWOKC,0021300235,1,1,10,0,,0,0,12:00,player_code,(12:00) Jump Ball Ibaka vs Bogut
20131129GSWOKC,0021300235,1,1,10,0,,0,0,12:00,player_code,(12:00) [GSW] Bogut Violation:Jump Ball
20131129GSWOKC,0021300235,1,1,5,0,OKC,0,0,11:47,player_code, Perkins Turnover : 3 Second Violation (1 TO) 
20131129GSWOKC,0021300235,2,1,2,0,GSW,0,0,11:37,player_code, Thompson 3pt Shot: Missed 
20131129GSWOKC,0021300235,3,1,4,0,OKC,0,0,11:36,player_code, Durant Rebound (Off:0 Def:1) 
20131129GSWOKC,0021300235,4,1,6,0,GSW,0,0,11:25,player_code, Lee Foul: Shooting (1 PF) (2 FTA) 
20131129GSWOKC,0021300235,5,1,3,0,OKC,0,1,11:25,player_code, Perkins Free Throw 1 of 2 (1 PTS) 
20131129GSWOKC,0021300235,6,1,3,0,OKC,0,2,11:25,player_code, Perkins Free Throw 2 of 2 (2 PTS) 
20131129GSWOKC,0021300235,7,1,5,0,GSW,0,2,11:02,player_code, Bogut Turnover : Lost Ball (1 TO) Steal:Sefolosha (1 ST) 
20131129GSWOKC,0021300235,8,1,1,0,OKC,0,4,10:59,player_code, Durant Dunk Shot: Made (2 PTS) Assist: Westbrook (1 AST) 
20131129GSWOKC,0021300235,9,1,2,0,GSW,0,4,10:45,player_code, Thompson 3pt Shot: Missed 
20131129GSWOKC,0021300235,10,1,4,0,OKC,0,4,10:44,player_code, Perkins Rebound (Off:0 Def:1) 
20131129GSWOKC,0021300235,11,1,5,0,OKC,0,4,10:33,player_code, Sefolosha Turnover : Bad Pass (1 TO) 
20131129GSWOKC,0021300235,12,1,2,0,GSW,0,4,10:17,player_code, Bogut Driving Layup Shot: Missed Block: Ibaka (1 BLK) 
20131129GSWOKC,0021300235,13,1,4,0,OKC,0,4,10:15,player_code, Durant Rebound (Off:0 Def:2) 
20131129GSWOKC,0021300235,14,1,1,0,OKC,0,6,10:07,player_code, Durant Step Back Jump shot: Made (4 PTS) 
20131129GSWOKC,0021300235,15,1,2,0,GSW,0,6,09:50,player_code, Barnes Driving Layup Shot: Missed 
20131129GSWOKC,0021300235,16,1,4,0,GSW,0,6,09:49,player_code, Team Rebound 
20131129GSWOKC,0021300235,17,1,1,0,GSW,2,6,09:35,player_code, Barnes Jump Shot: Made (2 PTS) 
20131129GSWOKC,0021300235,18,1,2,0,OKC,2,6,09:24,player_code, Perkins Jump Shot: Missed 
20131129GSWOKC,0021300235,19,1,4,0,GSW,2,6,09:23,player_code, Bogut Rebound (Off:0 Def:1) 
20131129GSWOKC,0021300235,20,1,5,0,GSW,2,6,09:07,player_code, Bogut Turnover : Lost Ball (2 TO) Steal:Westbrook (1 ST) 
20131129GSWOKC,0021300235,21,1,1,0,OKC,2,8,09:05,player_code, Westbrook Dunk Shot: Made (2 PTS) 
20131129GSWOKC,0021300235,22,1,6,0,OKC,2,8,08:52,player_code, Durant Foul: Shooting (1 PF) (2 FTA) 
20131129GSWOKC,0021300235,23,1,3,0,GSW,3,8,08:52,player_code, Barnes Free Throw 1 of 2 (3 PTS) 
20131129GSWOKC,0021300235,24,1,3,0,GSW,4,8,08:52,player_code, Barnes Free Throw 2 of 2 (4 PTS) 
20131129GSWOKC,0021300235,25,1,5,0,OKC,4,8,08:41,player_code, Durant Turnover : Traveling (1 TO) 
20131129GSWOKC,0021300235,26,1,1,0,GSW,6,8,08:25,player_code, Curry Pullup Bank shot: Made (2 PTS) 
20131129GSWOKC,0021300235,27,1,2,0,OKC,6,8,08:13,player_code, Sefolosha Jump Shot: Missed 
20131129GSWOKC,0021300235,28,1,4,0,GSW,6,8,08:12,player_code, Bogut Rebound (Off:0 Def:2) 
20131129GSWOKC,0021300235,29,1,2,0,GSW,6,8,08:02,player_code, Lee Jump Shot: Missed 
20131129GSWOKC,0021300235,30,1,4,0,GSW,6,8,08:01,player_code, Thompson Rebound (Off:1 Def:0) 
20131129GSWOKC,0021300235,31,1,1,0,GSW,9,8,07:55,player_code, Curry 3pt Shot: Made (5 PTS) Assist: Thompson (1 AST) 
20131129GSWOKC,0021300235,32,1,1,0,OKC,9,10,07:41,player_code, Westbrook Pullup Jump shot: Made (4 PTS) 
20131129GSWOKC,0021300235,33,1,1,0,GSW,12,10,07:30,player_code, Curry 3pt Shot: Made (8 PTS) 
20131129GSWOKC,0021300235,34,1,1,0,OKC,12,12,07:13,player_code, Westbrook Pullup Jump shot: Made (6 PTS) 
20131129GSWOKC,0021300235,35,1,5,0,GSW,12,12,06:59,player_code, Bogut Turnover : Bad Pass (3 TO) 
20131129GSWOKC,0021300235,36,1,1,0,OKC,12,14,06:44,player_code, Westbrook Pullup Jump shot: Made (8 PTS) 
20131129GSWOKC,0021300235,37,1,2,0,GSW,12,14,06:31,player_code, Curry Floating Jump shot: Missed 
20131129GSWOKC,0021300235,38,1,4,0,OKC,12,14,06:30,player_code, Durant Rebound (Off:0 Def:3) 
20131129GSWOKC,0021300235,39,1,1,0,OKC,12,16,06:21,player_code, Westbrook Pullup Jump shot: Made (10 PTS) 
20131129GSWOKC,0021300235,40,1,1,0,GSW,14,16,06:00,player_code, Barnes Running Jump Shot: Made (6 PTS) 
20131129GSWOKC,0021300235,41,1,1,0,OKC,14,18,05:48,player_code, Perkins Dunk Shot: Made (4 PTS) Assist: Westbrook (2 AST) 
20131129GSWOKC,0021300235,42,1,1,0,GSW,16,18,05:28,player_code, Barnes Jump Shot: Made (8 PTS) 
20131129GSWOKC,0021300235,43,1,2,0,OKC,16,18,05:14,player_code, Westbrook Layup Shot: Missed 
20131129GSWOKC,0021300235,44,1,4,0,OKC,16,18,05:13,player_code, Ibaka Rebound (Off:1 Def:0) 
20131129GSWOKC,0021300235,45,1,2,0,OKC,16,18,05:07,player_code, Sefolosha Driving Layup Shot: Missed 
20131129GSWOKC,0021300235,46,1,4,0,GSW,16,18,05:06,player_code, Bogut Rebound (Off:0 Def:3) 
20131129GSWOKC,0021300235,47,1,2,0,GSW,16,18,04:55,player_code, Curry Driving Layup Shot: Missed Block: Perkins (1 BLK) 
20131129GSWOKC,0021300235,48,1,4,0,GSW,16,18,04:53,player_code, Bogut Rebound (Off:1 Def:3) 
20131129GSWOKC,0021300235,49,1,2,0,GSW,16,18,04:50,player_code, Thompson 3pt Shot: Missed 
20131129GSWOKC,0021300235,50,1,4,0,OKC,16,18,04:49,player_code, Sefolosha Rebound (Off:0 Def:1) 
20131129GSWOKC,0021300235,51,1,2,0,OKC,16,18,04:37,player_code, Ibaka Jump Shot: Missed 
20131129GSWOKC,0021300235,52,1,4,0,GSW,16,18,04:36,player_code, Curry Rebound (Off:0 Def:1) 
20131129GSWOKC,0021300235,53,1,2,0,GSW,16,18,04:28,player_code, Curry Step Back Jump shot: Missed 
20131129GSWOKC,0021300235,54,1,4,0,OKC,16,18,04:27,player_code, Perkins Rebound (Off:0 Def:2) 
20131129GSWOKC,0021300235,55,1,6,0,GSW,16,18,04:15,player_code, Thompson Foul: Shooting (1 PF) (2 FTA) 
20131129GSWOKC,0021300235,56,1,9,0,OKC,16,18,04:15,player_code, Team Timeout : Regular 
20131129GSWOKC,0021300235,57,1,8,0,OKC,16,18,04:15,player_code, Perkins Substitution replaced by Collison 
20131129GSWOKC,0021300235,58,1,3,0,OKC,16,19,04:15,player_code, Westbrook Free Throw 1 of 2 (11 PTS) 
20131129GSWOKC,0021300235,59,1,3,0,OKC,16,19,04:15,player_code, Westbrook Free Throw 2 of 2 Missed 
20131129GSWOKC,0021300235,60,1,4,0,GSW,16,19,04:15,player_code, Lee Rebound (Off:0 Def:1) 
20131129GSWOKC,0021300235,61,1,6,0,OKC,16,19,04:03,player_code, Ibaka Foul: Shooting Block (1 PF) (2 FTA) 
20131129GSWOKC,0021300235,62,1,3,0,GSW,17,19,04:03,player_code, Lee Free Throw 1 of 2 (1 PTS) 
20131129GSWOKC,0021300235,63,1,3,0,GSW,18,19,04:03,player_code, Lee Free Throw 2 of 2 (2 PTS) 
20131129GSWOKC,0021300235,64,1,6,0,GSW,18,19,03:51,player_code, Curry Foul: Shooting (1 PF) (2 FTA) 
20131129GSWOKC,0021300235,65,1,3,0,OKC,18,20,03:51,player_code, Sefolosha Free Throw 1 of 2 (1 PTS) 
20131129GSWOKC,0021300235,66,1,8,0,GSW,18,20,03:51,player_code, Lee Substitution replaced by O'Neal 
20131129GSWOKC,0021300235,67,1,3,0,OKC,18,21,03:51,player_code, Sefolosha Free Throw 2 of 2 (2 PTS) 
20131129GSWOKC,0021300235,68,1,6,0,GSW,18,21,03:37,player_code, O'Neal Foul: Offensive (1 PF) 
20131129GSWOKC,0021300235,69,1,6,0,GSW,18,21,03:37,player_code, O'Neal Turnover : Foul (1 TO) 
20131129GSWOKC,0021300235,70,1,1,0,OKC,18,23,03:22,player_code, Sefolosha Turnaround Jump Shot: Made (4 PTS) 
20131129GSWOKC,0021300235,71,1,1,0,GSW,20,23,03:00,player_code, Bogut Alley Oop Dunk Shot: Made (2 PTS) Assist: Barnes (1 AST) 
20131129GSWOKC,0021300235,72,1,5,0,OKC,20,23,02:41,player_code, Collison Turnover : Out of Bounds Lost Ball Turnover (1 TO) 
20131129GSWOKC,0021300235,73,1,9,0,GSW,20,23,02:41,player_code, Team Timeout : Regular 
20131129GSWOKC,0021300235,74,1,8,0,OKC,20,23,02:41,player_code, Westbrook Substitution replaced by Jackson 
20131129GSWOKC,0021300235,75,1,8,0,GSW,20,23,02:41,player_code, Thompson Substitution replaced by Green 
20131129GSWOKC,0021300235,76,1,1,0,GSW,23,23,02:28,player_code, Green 3pt Shot: Made (3 PTS) Assist: Barnes (2 AST) 
20131129GSWOKC,0021300235,77,1,1,0,OKC,23,26,02:07,player_code, Sefolosha 3pt Shot: Made (7 PTS) Assist: Durant (1 AST) 
20131129GSWOKC,0021300235,78,1,2,0,GSW,23,26,01:52,player_code, O'Neal Turnaround Bank shot: Missed 
20131129GSWOKC,0021300235,79,1,4,0,OKC,23,26,01:51,player_code, Ibaka Rebound (Off:1 Def:1) 
20131129GSWOKC,0021300235,80,1,1,0,OKC,23,28,01:41,player_code, Durant Pullup Jump shot: Made (6 PTS) 
20131129GSWOKC,0021300235,81,1,6,0,OKC,23,28,01:23,player_code, Collison Foul: Personal (1 PF) 
20131129GSWOKC,0021300235,82,1,8,0,GSW,23,28,01:23,player_code, Curry Substitution replaced by Nedovic 
20131129GSWOKC,0021300235,83,1,8,0,OKC,23,28,01:23,player_code, Sefolosha Substitution replaced by Lamb 
20131129GSWOKC,0021300235,84,1,8,0,GSW,23,28,01:23,player_code, Bogut Substitution replaced by Speights 
20131129GSWOKC,0021300235,85,1,2,0,GSW,23,28,01:11,player_code, Green 3pt Shot: Missed 
20131129GSWOKC,0021300235,86,1,4,0,OKC,23,28,01:10,player_code, Durant Rebound (Off:0 Def:4) 
20131129GSWOKC,0021300235,87,1,6,0,GSW,23,28,01:00,player_code, O'Neal Foul: Shooting (2 PF) (2 FTA) 
20131129GSWOKC,0021300235,88,1,3,0,OKC,23,29,01:00,player_code, Durant Free Throw 1 of 2 (7 PTS) 
20131129GSWOKC,0021300235,89,1,8,0,OKC,23,29,01:00,player_code, Ibaka Substitution replaced by Adams 
20131129GSWOKC,0021300235,90,1,3,0,OKC,23,30,01:00,player_code, Durant Free Throw 2 of 2 (8 PTS) 
20131129GSWOKC,0021300235,91,1,2,0,GSW,23,30,00:38.9,player_code, Barnes Running Jump Shot: Missed 
20131129GSWOKC,0021300235,92,1,4,0,GSW,23,30,00:38.0,player_code, Green Rebound (Off:1 Def:0) 
20131129GSWOKC,0021300235,93,1,1,0,GSW,25,30,00:38.0,player_code, Green Tip Shot: Made (5 PTS) 
20131129GSWOKC,0021300235,94,1,1,0,OKC,25,32,00:30.8,player_code, Jackson Pullup Jump shot: Made (2 PTS) 
20131129GSWOKC,0021300235,95,1,1,0,GSW,28,32,00:13.1,player_code, Barnes 3pt Shot: Made (11 PTS) Assist: Nedovic (1 AST) 
20131129GSWOKC,0021300235,96,1,2,0,OKC,28,32,00:00.0,player_code, Durant Pullup Jump shot: Missed 
20131129GSWOKC,0021300235,97,1,4,0,GSW,28,32,00:00.0,player_code, Team Rebound 
20131129GSWOKC,0021300235,98,1,13,0,,28,32,00:00.0,player_code,End of  1st Quarter
20131129GSWOKC,0021300235,98,2,12,0,,28,32,12:00,player_code,Start of 2nd Quarter
20131129GSWOKC,0021300235,98,2,5,0,GSW,28,32,11:50,player_code, Green Turnover : Bad Pass (1 TO) 
20131129GSWOKC,0021300235,99,2,2,0,OKC,28,32,11:38,player_code, Jackson Running Jump Shot: Missed 
20131129GSWOKC,0021300235,100,2,4,0,GSW,28,32,11:37,player_code, Nedovic Rebound (Off:0 Def:1) 
20131129GSWOKC,0021300235,101,2,2,0,GSW,28,32,11:30,player_code, Green 3pt Shot: Missed 
20131129GSWOKC,0021300235,102,2,4,0,OKC,28,32,11:29,player_code, Jackson Rebound (Off:0 Def:1) 
20131129GSWOKC,0021300235,103,2,2,0,OKC,28,32,11:22,player_code, Jackson Driving Reverse Layup Shot: Missed 
20131129GSWOKC,0021300235,104,2,4,0,OKC,28,32,11:21,player_code, Adams Rebound (Off:1 Def:0) 
20131129GSWOKC,0021300235,105,2,2,0,OKC,28,32,11:16,player_code, Jackson 3pt Shot: Missed 
20131129GSWOKC,0021300235,106,2,4,0,GSW,28,32,11:15,player_code, Green Rebound (Off:1 Def:1) 
20131129GSWOKC,0021300235,107,2,1,0,GSW,30,32,10:58,player_code, Speights Jump Shot: Made (2 PTS) Assist: Thompson (2 AST) 
20131129GSWOKC,0021300235,108,2,6,0,GSW,30,32,10:48,player_code, Nedovic Foul: Personal (1 PF) 
20131129GSWOKC,0021300235,109,2,2,0,OKC,30,32,10:34,player_code, Adams Layup Shot: Missed 
20131129GSWOKC,0021300235,110,2,4,0,OKC,30,32,10:33,player_code, Team Rebound 
20131129GSWOKC,0021300235,111,2,8,0,GSW,30,32,10:33,player_code, Green Substitution replaced by Curry 
20131129GSWOKC,0021300235,112,2,1,0,OKC,30,35,10:29,player_code, Lamb 3pt Shot: Made (3 PTS) Assist: Adams (1 AST) 
20131129GSWOKC,0021300235,113,2,6,0,OKC,30,35,10:16,player_code, Adams Foul: Defense 3 Second (0 PF) 
20131129GSWOKC,0021300235,114,2,3,0,GSW,31,35,10:16,player_code, Curry Free Throw Technical (9 PTS) 
20131129GSWOKC,0021300235,115,2,2,0,GSW,31,35,10:12,player_code, Speights Layup Shot: Missed 
20131129GSWOKC,0021300235,116,2,4,0,GSW,31,35,10:11,player_code, O'Neal Rebound (Off:1 Def:0) 
20131129GSWOKC,0021300235,117,2,6,0,OKC,31,35,10:11,player_code, Jackson Foul: Shooting (1 PF) (2 FTA) 
20131129GSWOKC,0021300235,118,2,3,0,GSW,31,35,10:11,player_code, O'Neal Free Throw 1 of 2 Missed 
20131129GSWOKC,0021300235,119,2,4,0,GSW,31,35,10:11,player_code, Team Rebound 
20131129GSWOKC,0021300235,120,2,3,0,GSW,32,35,10:11,player_code, O'Neal Free Throw 2 of 2 (1 PTS) 
20131129GSWOKC,0021300235,121,2,1,0,OKC,32,37,10:03,player_code, Jackson Pullup Jump shot: Made (4 PTS) 
20131129GSWOKC,0021300235,122,2,6,0,OKC,32,37,09:54,player_code, Adams Foul: Personal (1 PF) 
20131129GSWOKC,0021300235,123,2,0,0,GSW,32,37,09:54,player_code, O'Neal Technical 
20131129GSWOKC,0021300235,124,2,3,0,OKC,32,38,09:54,player_code, Jackson Free Throw Technical (5 PTS) 
20131129GSWOKC,0021300235,125,2,1,0,GSW,35,38,09:44,player_code, Curry 3pt Shot: Made (12 PTS) Assist: Nedovic (2 AST) 
20131129GSWOKC,0021300235,126,2,2,0,OKC,35,38,09:30,player_code, Lamb Floating Jump shot: Missed 
20131129GSWOKC,0021300235,127,2,4,0,GSW,35,38,09:29,player_code, Nedovic Rebound (Off:0 Def:2) 
20131129GSWOKC,0021300235,128,2,2,0,GSW,35,38,09:16,player_code, Curry 3pt Shot: Missed 
20131129GSWOKC,0021300235,129,2,4,0,OKC,35,38,09:16,player_code, Collison Rebound (Off:0 Def:1) 
20131129GSWOKC,0021300235,130,2,8,0,GSW,35,38,09:08,player_code, Speights Substitution replaced by Lee 
20131129GSWOKC,0021300235,131,2,2,0,OKC,35,38,09:06,player_code, Lamb Jump Shot: Missed 
20131129GSWOKC,0021300235,132,2,4,0,GSW,35,38,09:05,player_code, O'Neal Rebound (Off:1 Def:1) 
20131129GSWOKC,0021300235,133,2,1,0,GSW,37,38,08:54,player_code, Thompson Jump Shot: Made (2 PTS) 
20131129GSWOKC,0021300235,134,2,2,0,OKC,37,38,08:37,player_code, Collison Turnaround Fadeaway shot: Missed 
20131129GSWOKC,0021300235,135,2,4,0,GSW,37,38,08:36,player_code, Nedovic Rebound (Off:0 Def:3) 
20131129GSWOKC,0021300235,136,2,1,0,GSW,39,38,08:25,player_code, O'Neal Reverse Layup Shot: Made (3 PTS) Assist: Lee (1 AST) 
20131129GSWOKC,0021300235,137,2,2,0,OKC,39,38,08:07,player_code, Collison 3pt Shot: Missed 
20131129GSWOKC,0021300235,138,2,4,0,GSW,39,38,08:06,player_code, Curry Rebound (Off:0 Def:2) 
20131129GSWOKC,0021300235,139,2,2,0,GSW,39,38,08:00,player_code, Thompson 3pt Shot: Missed 
20131129GSWOKC,0021300235,140,2,4,0,OKC,39,38,07:58,player_code, Fisher Rebound (Off:0 Def:1) 
20131129GSWOKC,0021300235,141,2,2,0,OKC,39,38,07:41,player_code, Jackson Driving Jump shot: Missed Block: Nedovic (1 BLK) 
20131129GSWOKC,0021300235,142,2,4,0,GSW,39,38,07:40,player_code, Lee Rebound (Off:0 Def:2) 
20131129GSWOKC,0021300235,143,2,2,0,GSW,39,38,07:25,player_code, Curry Floating Jump shot: Missed 
20131129GSWOKC,0021300235,144,2,4,0,OKC,39,38,07:23,player_code, Collison Rebound (Off:0 Def:2) 
20131129GSWOKC,0021300235,145,2,2,0,OKC,39,38,07:10,player_code, Jackson Jump Shot: Missed 
20131129GSWOKC,0021300235,146,2,4,0,OKC,39,38,07:09,player_code, Adams Rebound (Off:2 Def:0) 
20131129GSWOKC,0021300235,147,2,2,0,OKC,39,38,07:01,player_code, Fisher Jump Shot: Missed 
20131129GSWOKC,0021300235,148,2,4,0,OKC,39,38,07:00,player_code, Fisher Rebound (Off:1 Def:1) 
20131129GSWOKC,0021300235,149,2,2,0,OKC,39,38,06:59,player_code, Fisher Layup Shot: Missed 
20131129GSWOKC,0021300235,150,2,4,0,OKC,39,38,06:57,player_code, Adams Rebound (Off:3 Def:0) 
20131129GSWOKC,0021300235,151,2,1,0,OKC,39,40,06:57,player_code, Adams Tip Shot: Made (2 PTS) 
20131129GSWOKC,0021300235,152,2,9,0,GSW,39,40,06:45,player_code, Team Timeout : Regular 
20131129GSWOKC,0021300235,153,2,8,0,OKC,39,40,06:45,player_code, Collison Substitution replaced by Westbrook 
20131129GSWOKC,0021300235,154,2,8,0,OKC,39,40,06:45,player_code, Lamb Substitution replaced by Ibaka 
20131129GSWOKC,0021300235,155,2,8,0,OKC,39,40,06:45,player_code, Fisher Substitution replaced by Durant 
20131129GSWOKC,0021300235,156,2,8,0,GSW,39,40,06:45,player_code, O'Neal Substitution replaced by Bogut 
20131129GSWOKC,0021300235,157,2,8,0,GSW,39,40,06:45,player_code, Nedovic Substitution replaced by Barnes 
20131129GSWOKC,0021300235,158,2,1,0,GSW,41,40,06:29,player_code, Bogut Turnaround Hook Shot: Made (4 PTS) Assist: Barnes (3 AST) 
20131129GSWOKC,0021300235,159,2,1,0,OKC,41,43,06:14,player_code, Jackson 3pt Shot: Made (8 PTS) Assist: Durant (2 AST) 
20131129GSWOKC,0021300235,160,2,2,0,GSW,41,43,05:59,player_code, Thompson Jump Shot: Missed 
20131129GSWOKC,0021300235,161,2,4,0,OKC,41,43,05:58,player_code, Adams Rebound (Off:3 Def:1) 
20131129GSWOKC,0021300235,162,2,1,0,OKC,41,45,05:43,player_code, Ibaka Jump Shot: Made (2 PTS) Assist: Westbrook (3 AST) 
20131129GSWOKC,0021300235,163,2,2,0,GSW,41,45,05:31,player_code, Curry Jump Shot: Missed 
20131129GSWOKC,0021300235,164,2,4,0,GSW,41,45,05:30,player_code, Lee Rebound (Off:1 Def:2) 
20131129GSWOKC,0021300235,165,2,2,0,GSW,41,45,05:27,player_code, Thompson 3pt Shot: Missed 
20131129GSWOKC,0021300235,166,2,4,0,OKC,41,45,05:26,player_code, Durant Rebound (Off:0 Def:5) 
20131129GSWOKC,0021300235,167,2,5,0,OKC,41,45,05:18,player_code, Durant Turnover : Bad Pass (2 TO) Steal:Thompson (1 ST) 
20131129GSWOKC,0021300235,168,2,1,0,GSW,43,45,05:08,player_code, Bogut Layup Shot: Made (6 PTS) Assist: Barnes (4 AST) 
20131129GSWOKC,0021300235,169,2,9,0,OKC,43,45,04:59,player_code, Team Timeout : Regular 
20131129GSWOKC,0021300235,170,2,8,0,OKC,43,45,04:59,player_code, Adams Substitution replaced by Perkins 
20131129GSWOKC,0021300235,171,2,2,0,OKC,43,45,04:50,player_code, Durant Turnaround Fadeaway shot: Missed 
20131129GSWOKC,0021300235,172,2,4,0,GSW,43,45,04:49,player_code, Thompson Rebound (Off:1 Def:1) 
20131129GSWOKC,0021300235,173,2,6,0,OKC,43,45,04:33,player_code, Perkins Foul: Personal (1 PF) 
20131129GSWOKC,0021300235,174,2,5,0,GSW,43,45,04:30,player_code, Curry Turnover : Bad Pass (1 TO) Steal:Perkins (1 ST) 
20131129GSWOKC,0021300235,175,2,1,0,OKC,43,47,04:26,player_code, Westbrook Layup Shot: Made (13 PTS) 
20131129GSWOKC,0021300235,176,2,6,0,GSW,43,47,04:26,player_code, Curry Foul: Shooting (2 PF) (1 FTA) 
20131129GSWOKC,0021300235,177,2,3,0,OKC,43,48,04:26,player_code, Westbrook Free Throw 1 of 1 (14 PTS) 
20131129GSWOKC,0021300235,178,2,1,0,GSW,45,48,04:11,player_code, Barnes Jump Shot: Made (13 PTS) Assist: Thompson (3 AST) 
20131129GSWOKC,0021300235,179,2,1,0,OKC,45,50,03:53,player_code, Ibaka Dunk Shot: Made (4 PTS) Assist: Durant (3 AST) 
20131129GSWOKC,0021300235,180,2,2,0,GSW,45,50,03:35,player_code, Lee Layup Shot: Missed Block: Ibaka (2 BLK) 
20131129GSWOKC,0021300235,181,2,4,0,OKC,45,50,03:33,player_code, Ibaka Rebound (Off:1 Def:2) 
20131129GSWOKC,0021300235,182,2,5,0,OKC,45,50,03:27,player_code, Durant Turnover : Discontinue Dribble (3 TO) 
20131129GSWOKC,0021300235,183,2,8,0,OKC,45,50,03:27,player_code, Jackson Substitution replaced by Sefolosha 
20131129GSWOKC,0021300235,184,2,5,0,GSW,45,50,03:13,player_code, Curry Turnover : Lost Ball (2 TO) Steal:Perkins (2 ST) 
20131129GSWOKC,0021300235,185,2,10,0,OKC,45,50,03:13,player_code,Jump Ball Perkins vs Curry (Westbrook gains possession) 
20131129GSWOKC,0021300235,186,2,2,0,OKC,45,50,03:06,player_code, Westbrook Driving Layup Shot: Missed Block: Bogut (1 BLK) 
20131129GSWOKC,0021300235,187,2,4,0,GSW,45,50,03:05,player_code, Barnes Rebound (Off:0 Def:1) 
20131129GSWOKC,0021300235,188,2,2,0,GSW,45,50,02:47,player_code, Thompson Jump Shot: Missed Block: Durant (1 BLK) 
20131129GSWOKC,0021300235,189,2,4,0,OKC,45,50,02:45,player_code, Perkins Rebound (Off:0 Def:3) 
20131129GSWOKC,0021300235,190,2,0,0,GSW,45,50,02:44,player_code, Lee Violation:Kicked Ball 
20131129GSWOKC,0021300235,191,2,0,0,OKC,45,50,02:44,player_code, 
20131129GSWOKC,0021300235,192,2,2,0,OKC,45,50,02:34,player_code, Durant Jump Shot: Missed 
20131129GSWOKC,0021300235,193,2,4,0,OKC,45,50,02:34,player_code, Team Rebound 
20131129GSWOKC,0021300235,194,2,2,0,OKC,45,50,02:27,player_code, Westbrook Pullup Jump shot: Missed 
20131129GSWOKC,0021300235,195,2,4,0,GSW,45,50,02:25,player_code, Lee Rebound (Off:1 Def:3) 
20131129GSWOKC,0021300235,196,2,2,0,GSW,45,50,02:05,player_code, Lee Jump Shot: Missed 
20131129GSWOKC,0021300235,197,2,4,0,GSW,45,50,02:04,player_code, Bogut Rebound (Off:2 Def:3) 
20131129GSWOKC,0021300235,198,2,2,0,GSW,45,50,01:49,player_code, Thompson Fadeaway Jump Shot: Missed 
20131129GSWOKC,0021300235,199,2,4,0,OKC,45,50,01:48,player_code, Ibaka Rebound (Off:1 Def:3) 
20131129GSWOKC,0021300235,200,2,2,0,OKC,45,50,01:32,player_code, Westbrook Driving Layup Shot: Missed Block: Bogut (2 BLK) 
20131129GSWOKC,0021300235,201,2,4,0,GSW,45,50,01:31,player_code, Curry Rebound (Off:0 Def:3) 
20131129GSWOKC,0021300235,202,2,5,0,GSW,45,50,01:25,player_code, Barnes Turnover : Lost Ball (1 TO) Steal:Westbrook (2 ST) 
20131129GSWOKC,0021300235,203,2,8,0,GSW,45,50,01:18,player_code, Barnes Substitution replaced by Green 
20131129GSWOKC,0021300235,204,2,1,0,OKC,45,52,01:16,player_code, Ibaka Jump Shot: Made (6 PTS) Assist: Sefolosha (1 AST) 
20131129GSWOKC,0021300235,205,2,6,0,OKC,45,52,00:55.6,player_code, Ibaka Foul: Shooting (2 PF) (2 FTA) 
20131129GSWOKC,0021300235,206,2,3,0,GSW,46,52,00:55.6,player_code, Lee Free Throw 1 of 2 (3 PTS) 
20131129GSWOKC,0021300235,207,2,3,0,GSW,47,52,00:55.6,player_code, Lee Free Throw 2 of 2 (4 PTS) 
20131129GSWOKC,0021300235,208,2,2,0,OKC,47,52,00:41.8,player_code, Ibaka Turnaround Hook Shot: Missed 
20131129GSWOKC,0021300235,209,2,4,0,GSW,47,52,00:41.3,player_code, Lee Rebound (Off:1 Def:4) 
20131129GSWOKC,0021300235,210,2,2,0,GSW,47,52,00:31.9,player_code, Thompson 3pt Shot: Missed 
20131129GSWOKC,0021300235,211,2,4,0,GSW,47,52,00:30.9,player_code, Bogut Rebound (Off:3 Def:3) 
20131129GSWOKC,0021300235,212,2,2,0,GSW,47,52,00:30.9,player_code, Bogut Putback Layup Shot: Missed 
20131129GSWOKC,0021300235,213,2,4,0,GSW,47,52,00:29.8,player_code, Bogut Rebound (Off:4 Def:3) 
20131129GSWOKC,0021300235,214,2,1,0,GSW,49,52,00:29.8,player_code, Bogut Tip Shot: Made (8 PTS) 
20131129GSWOKC,0021300235,215,2,9,0,OKC,49,52,00:29.8,player_code, Team Timeout : Short 
20131129GSWOKC,0021300235,216,2,8,0,OKC,49,52,00:29.8,player_code, Perkins Substitution replaced by Lamb 
20131129GSWOKC,0021300235,217,2,8,0,GSW,49,52,00:29.8,player_code, Bogut Substitution replaced by Nedovic 
20131129GSWOKC,0021300235,218,2,8,0,GSW,49,52,00:29.8,player_code, Curry Substitution replaced by Barnes 
20131129GSWOKC,0021300235,219,2,6,0,GSW,49,52,00:09.3,player_code, Green Foul: Shooting (1 PF) (2 FTA) 
20131129GSWOKC,0021300235,220,2,3,0,OKC,49,53,00:09.3,player_code, Durant Free Throw 1 of 2 (9 PTS) 
20131129GSWOKC,0021300235,221,2,8,0,GSW,49,53,00:09.3,player_code, Green Substitution replaced by Curry 
20131129GSWOKC,0021300235,222,2,3,0,OKC,49,54,00:09.3,player_code, Durant Free Throw 2 of 2 (10 PTS) 
20131129GSWOKC,0021300235,223,2,1,0,GSW,51,54,00:02.6,player_code, Curry Step Back Jump shot: Made (14 PTS) 
20131129GSWOKC,0021300235,224,2,13,0,,51,54,00:00.0,player_code,End of  2nd Quarter
20131129GSWOKC,0021300235,224,3,12,0,,51,54,12:00,player_code,Start of 3rd Quarter
20131129GSWOKC,0021300235,224,3,6,0,OKC,51,54,11:47,player_code, Sefolosha Foul: Shooting (1 PF) (2 FTA) 
20131129GSWOKC,0021300235,225,3,3,0,GSW,52,54,11:47,player_code, Thompson Free Throw 1 of 2 (3 PTS) 
20131129GSWOKC,0021300235,226,3,3,0,GSW,52,54,11:47,player_code, Thompson Free Throw 2 of 2 Missed 
20131129GSWOKC,0021300235,227,3,4,0,OKC,52,54,11:45,player_code, Ibaka Rebound (Off:1 Def:4) 
20131129GSWOKC,0021300235,228,3,2,0,OKC,52,54,11:30,player_code, Westbrook Pullup Jump shot: Missed 
20131129GSWOKC,0021300235,229,3,4,0,GSW,52,54,11:29,player_code, Lee Rebound (Off:1 Def:5) 
20131129GSWOKC,0021300235,230,3,2,0,GSW,52,54,11:22,player_code, Thompson Layup Shot: Missed Block: Adams (1 BLK) 
20131129GSWOKC,0021300235,231,3,4,0,GSW,52,54,11:22,player_code, Team Rebound 
20131129GSWOKC,0021300235,232,3,2,0,GSW,52,54,11:19,player_code, Thompson Jump Shot: Missed 
20131129GSWOKC,0021300235,233,3,4,0,OKC,52,54,11:18,player_code, Ibaka Rebound (Off:1 Def:5) 
20131129GSWOKC,0021300235,234,3,5,0,OKC,52,54,11:06,player_code, Ibaka Turnover : Traveling (1 TO) 
20131129GSWOKC,0021300235,235,3,1,0,GSW,54,54,10:49,player_code, Bogut Layup Shot: Made (10 PTS) Assist: Curry (1 AST) 
20131129GSWOKC,0021300235,236,3,6,0,OKC,54,54,10:49,player_code, Adams Foul: Shooting (2 PF) (1 FTA) 
20131129GSWOKC,0021300235,237,3,3,0,GSW,55,54,10:49,player_code, Bogut Free Throw 1 of 1 (11 PTS) 
20131129GSWOKC,0021300235,238,3,2,0,OKC,55,54,10:34,player_code, Westbrook Jump Shot: Missed 
20131129GSWOKC,0021300235,239,3,4,0,GSW,55,54,10:33,player_code, Team Rebound 
20131129GSWOKC,0021300235,240,3,2,0,GSW,55,54,10:24,player_code, Lee Jump Shot: Missed 
20131129GSWOKC,0021300235,241,3,4,0,OKC,55,54,10:23,player_code, Adams Rebound (Off:3 Def:2) 
20131129GSWOKC,0021300235,242,3,2,0,OKC,55,54,10:12,player_code, Sefolosha 3pt Shot: Missed 
20131129GSWOKC,0021300235,243,3,4,0,GSW,55,54,10:11,player_code, Barnes Rebound (Off:0 Def:2) 
20131129GSWOKC,0021300235,244,3,6,0,GSW,55,54,09:54,player_code, Bogut Foul: Offensive (1 PF) 
20131129GSWOKC,0021300235,245,3,6,0,GSW,55,54,09:54,player_code, Bogut Turnover : Foul (4 TO) 
20131129GSWOKC,0021300235,246,3,6,0,OKC,55,54,09:47,player_code, Ibaka Foul: Offensive (3 PF) 
20131129GSWOKC,0021300235,247,3,6,0,OKC,55,54,09:47,player_code, Ibaka Turnover : Foul (2 TO) 
20131129GSWOKC,0021300235,248,3,2,0,GSW,55,54,09:35,player_code, Curry 3pt Shot: Missed 
20131129GSWOKC,0021300235,249,3,4,0,OKC,55,54,09:34,player_code, Durant Rebound (Off:0 Def:6) 
20131129GSWOKC,0021300235,250,3,6,0,GSW,55,54,09:25,player_code, Bogut Foul: Shooting (2 PF) (2 FTA) 
20131129GSWOKC,0021300235,251,3,3,0,OKC,55,54,09:25,player_code, Adams Free Throw 1 of 2 Missed 
20131129GSWOKC,0021300235,252,3,4,0,OKC,55,54,09:25,player_code, Team Rebound 
20131129GSWOKC,0021300235,253,3,3,0,OKC,55,55,09:25,player_code, Adams Free Throw 2 of 2 (3 PTS) 
20131129GSWOKC,0021300235,254,3,6,0,OKC,55,55,09:16,player_code, Westbrook Foul: Personal (1 PF) 
20131129GSWOKC,0021300235,255,3,1,0,GSW,57,55,09:07,player_code, Thompson Turnaround Jump Shot: Made (5 PTS) 
20131129GSWOKC,0021300235,256,3,2,0,OKC,57,55,08:48,player_code, Durant 3pt Shot: Missed 
20131129GSWOKC,0021300235,257,3,4,0,GSW,57,55,08:46,player_code, Lee Rebound (Off:1 Def:6) 
20131129GSWOKC,0021300235,258,3,1,0,GSW,59,55,08:37,player_code, Bogut Jump Shot: Made (13 PTS) Assist: Thompson (4 AST) 
20131129GSWOKC,0021300235,259,3,9,0,OKC,59,55,08:36,player_code, Team Timeout : Regular 
20131129GSWOKC,0021300235,260,3,2,0,OKC,59,55,08:20,player_code, Ibaka Jump Shot: Missed 
20131129GSWOKC,0021300235,261,3,4,0,GSW,59,55,08:19,player_code, Curry Rebound (Off:0 Def:4) 
20131129GSWOKC,0021300235,262,3,1,0,GSW,61,55,08:11,player_code, Curry Running Jump Shot: Made (16 PTS) 
20131129GSWOKC,0021300235,263,3,2,0,OKC,61,55,07:51,player_code, Westbrook Layup Shot: Missed 
20131129GSWOKC,0021300235,264,3,4,0,OKC,61,55,07:50,player_code, Adams Rebound (Off:4 Def:2) 
20131129GSWOKC,0021300235,265,3,1,0,OKC,61,57,07:49,player_code, Adams Layup Shot: Made (5 PTS) 
20131129GSWOKC,0021300235,266,3,6,0,OKC,61,57,07:34,player_code, Ibaka Foul: Defense 3 Second (3 PF) 
20131129GSWOKC,0021300235,267,3,3,0,GSW,62,57,07:34,player_code, Curry Free Throw Technical (17 PTS) 
20131129GSWOKC,0021300235,268,3,1,0,GSW,64,57,07:21,player_code, Curry Jump Shot: Made (19 PTS) 
20131129GSWOKC,0021300235,269,3,6,0,GSW,64,57,07:07,player_code, Bogut Foul: Shooting (3 PF) (2 FTA) 
20131129GSWOKC,0021300235,270,3,3,0,OKC,64,57,07:07,player_code, Ibaka Free Throw 1 of 2 Missed 
20131129GSWOKC,0021300235,271,3,4,0,OKC,64,57,07:07,player_code, Team Rebound 
20131129GSWOKC,0021300235,272,3,3,0,OKC,64,58,07:07,player_code, Ibaka Free Throw 2 of 2 (7 PTS) 
20131129GSWOKC,0021300235,273,3,2,0,GSW,64,58,06:52,player_code, Barnes 3pt Shot: Missed 
20131129GSWOKC,0021300235,274,3,4,0,OKC,64,58,06:51,player_code, Adams Rebound (Off:4 Def:3) 
20131129GSWOKC,0021300235,275,3,6,0,GSW,64,58,06:46,player_code, Thompson Foul: Shooting (2 PF) (2 FTA) 
20131129GSWOKC,0021300235,276,3,3,0,OKC,64,59,06:46,player_code, Westbrook Free Throw 1 of 2 (15 PTS) 
20131129GSWOKC,0021300235,277,3,3,0,OKC,64,60,06:46,player_code, Westbrook Free Throw 2 of 2 (16 PTS) 
20131129GSWOKC,0021300235,278,3,1,0,GSW,67,60,06:36,player_code, Thompson 3pt Shot: Made (8 PTS) Assist: Curry (2 AST) 
20131129GSWOKC,0021300235,279,3,2,0,OKC,67,60,06:18,player_code, Durant Reverse Layup Shot: Missed Block: Bogut (3 BLK) 
20131129GSWOKC,0021300235,280,3,4,0,GSW,67,60,06:18,player_code, Team Rebound 
20131129GSWOKC,0021300235,281,3,2,0,GSW,67,60,06:05,player_code, Lee Jump Bank Shot: Missed 
20131129GSWOKC,0021300235,282,3,4,0,OKC,67,60,06:04,player_code, Ibaka Rebound (Off:1 Def:6) 
20131129GSWOKC,0021300235,283,3,1,0,OKC,67,62,05:58,player_code, Westbrook Layup Shot: Made (18 PTS) 
20131129GSWOKC,0021300235,284,3,6,0,OKC,67,62,05:45,player_code, Adams Foul: Personal (3 PF) 
20131129GSWOKC,0021300235,285,3,8,0,OKC,67,62,05:45,player_code, Adams Substitution replaced by Jackson 
20131129GSWOKC,0021300235,286,3,6,0,GSW,67,62,05:40,player_code, Lee Foul: Offensive (2 PF) 
20131129GSWOKC,0021300235,287,3,6,0,GSW,67,62,05:40,player_code, Lee Turnover : Foul (1 TO) 
20131129GSWOKC,0021300235,288,3,2,0,OKC,67,62,05:32,player_code, Westbrook Driving Layup Shot: Missed Block: Bogut (4 BLK) 
20131129GSWOKC,0021300235,289,3,4,0,GSW,67,62,05:31,player_code, Curry Rebound (Off:0 Def:5) 
20131129GSWOKC,0021300235,290,3,1,0,GSW,69,62,05:16,player_code, Curry Jump Shot: Made (21 PTS) 
20131129GSWOKC,0021300235,291,3,6,0,GSW,69,62,04:58,player_code, Bogut Foul: Shooting (4 PF) (2 FTA) 
20131129GSWOKC,0021300235,292,3,3,0,OKC,69,63,04:58,player_code, Ibaka Free Throw 1 of 2 (8 PTS) 
20131129GSWOKC,0021300235,293,3,8,0,GSW,69,63,04:58,player_code, Bogut Substitution replaced by O'Neal 
20131129GSWOKC,0021300235,294,3,8,0,GSW,69,63,04:58,player_code, Barnes Substitution replaced by Green 
20131129GSWOKC,0021300235,295,3,3,0,OKC,69,63,04:58,player_code, Ibaka Free Throw 2 of 2 Missed 
20131129GSWOKC,0021300235,296,3,4,0,GSW,69,63,04:57,player_code, Lee Rebound (Off:1 Def:7) 
20131129GSWOKC,0021300235,297,3,1,0,GSW,72,63,04:38,player_code, Thompson 3pt Shot: Made (11 PTS) Assist: Lee (2 AST) 
20131129GSWOKC,0021300235,298,3,2,0,OKC,72,63,04:20,player_code, Durant 3pt Shot: Missed 
20131129GSWOKC,0021300235,299,3,4,0,GSW,72,63,04:19,player_code, Curry Rebound (Off:0 Def:6) 
20131129GSWOKC,0021300235,300,3,2,0,GSW,72,63,04:09,player_code, O'Neal Jump Shot: Missed 
20131129GSWOKC,0021300235,301,3,4,0,OKC,72,63,04:08,player_code, Westbrook Rebound (Off:0 Def:1) 
20131129GSWOKC,0021300235,302,3,5,0,OKC,72,63,04:01,player_code, Sefolosha Turnover : Bad Pass (2 TO) Steal:Green (1 ST) 
20131129GSWOKC,0021300235,303,3,9,0,GSW,72,63,03:59,player_code, Team Timeout : Regular 
20131129GSWOKC,0021300235,304,3,8,0,OKC,72,63,03:59,player_code, Durant Substitution replaced by Collison 
20131129GSWOKC,0021300235,305,3,2,0,GSW,72,63,03:50,player_code, Lee Jump Shot: Missed 
20131129GSWOKC,0021300235,306,3,4,0,OKC,72,63,03:49,player_code, Ibaka Rebound (Off:1 Def:7) 
20131129GSWOKC,0021300235,307,3,1,0,OKC,72,65,03:41,player_code, Ibaka Layup Shot: Made (10 PTS) Assist: Collison (1 AST) 
20131129GSWOKC,0021300235,308,3,1,0,GSW,74,65,03:24,player_code, Lee Layup Shot: Made (6 PTS) Assist: Curry (3 AST) 
20131129GSWOKC,0021300235,309,3,6,0,GSW,74,65,03:08,player_code, Green Foul: Shooting (2 PF) (2 FTA) 
20131129GSWOKC,0021300235,310,3,3,0,OKC,74,66,03:08,player_code, Westbrook Free Throw 1 of 2 (19 PTS) 
20131129GSWOKC,0021300235,311,3,8,0,OKC,74,66,03:08,player_code, Sefolosha Substitution replaced by Lamb 
20131129GSWOKC,0021300235,312,3,3,0,OKC,74,67,03:08,player_code, Westbrook Free Throw 2 of 2 (20 PTS) 
20131129GSWOKC,0021300235,313,3,1,0,GSW,76,67,02:54,player_code, Green Jump Shot: Made (7 PTS) Assist: Curry (4 AST) 
20131129GSWOKC,0021300235,314,3,2,0,OKC,76,67,02:36,player_code, Jackson Jump Shot: Missed 
20131129GSWOKC,0021300235,315,3,4,0,OKC,76,67,02:35,player_code, Collison Rebound (Off:1 Def:2) 
20131129GSWOKC,0021300235,316,3,1,0,OKC,76,69,02:34,player_code, Collison Reverse Layup Shot: Made (2 PTS) 
20131129GSWOKC,0021300235,317,3,5,0,GSW,76,69,02:20,player_code, Curry Turnover : Bad Pass (3 TO) Steal:Westbrook (3 ST) 
20131129GSWOKC,0021300235,318,3,6,0,GSW,76,69,02:18,player_code, Curry Foul: Shooting (3 PF) (2 FTA) 
20131129GSWOKC,0021300235,319,3,3,0,OKC,76,70,02:18,player_code, Westbrook Free Throw 1 of 2 (21 PTS) 
20131129GSWOKC,0021300235,320,3,8,0,GSW,76,70,02:18,player_code, Curry Substitution replaced by Nedovic 
20131129GSWOKC,0021300235,321,3,3,0,OKC,76,71,02:18,player_code, Westbrook Free Throw 2 of 2 (22 PTS) 
20131129GSWOKC,0021300235,322,3,6,0,OKC,76,71,02:10,player_code, Lamb Foul: Shooting (1 PF) (3 FTA) 
20131129GSWOKC,0021300235,323,3,3,0,GSW,77,71,02:10,player_code, Thompson Free Throw 1 of 3 (12 PTS) 
20131129GSWOKC,0021300235,324,3,3,0,GSW,77,71,02:10,player_code, Thompson Free Throw 2 of 3 Missed 
20131129GSWOKC,0021300235,325,3,4,0,GSW,77,71,02:10,player_code, Team Rebound 
20131129GSWOKC,0021300235,326,3,8,0,GSW,77,71,02:10,player_code, Lee Substitution replaced by Speights 
20131129GSWOKC,0021300235,327,3,3,0,GSW,78,71,02:10,player_code, Thompson Free Throw 3 of 3 (13 PTS) 
20131129GSWOKC,0021300235,328,3,2,0,OKC,78,71,02:00,player_code, Westbrook Finger Roll Layup Shot: Missed 
20131129GSWOKC,0021300235,329,3,4,0,GSW,78,71,01:59,player_code, Speights Rebound (Off:0 Def:1) 
20131129GSWOKC,0021300235,330,3,5,0,GSW,78,71,01:58,player_code, Speights Turnover : Bad Pass (1 TO) Steal:Westbrook (4 ST) 
20131129GSWOKC,0021300235,331,3,6,0,GSW,78,71,01:56,player_code, Speights Foul: Shooting (1 PF) (2 FTA) 
20131129GSWOKC,0021300235,332,3,3,0,OKC,78,71,01:56,player_code, Westbrook Free Throw 1 of 2 Missed 
20131129GSWOKC,0021300235,333,3,4,0,OKC,78,71,01:56,player_code, Team Rebound 
20131129GSWOKC,0021300235,334,3,3,0,OKC,78,71,01:56,player_code, Westbrook Free Throw 2 of 2 Missed 
20131129GSWOKC,0021300235,335,3,4,0,GSW,78,71,01:54,player_code, O'Neal Rebound (Off:1 Def:2) 
20131129GSWOKC,0021300235,336,3,1,0,GSW,80,71,01:39,player_code, O'Neal Turnaround Jump Shot: Made (5 PTS) 
20131129GSWOKC,0021300235,337,3,1,0,OKC,80,74,01:22,player_code, Westbrook 3pt Shot: Made (25 PTS) Assist: Jackson (1 AST) 
20131129GSWOKC,0021300235,338,3,5,0,GSW,80,74,01:08,player_code, Green Turnover : Bad Pass (2 TO) Steal:Westbrook (5 ST) 
20131129GSWOKC,0021300235,339,3,2,0,OKC,80,74,01:03,player_code, Westbrook Layup Shot: Missed Block: Thompson (1 BLK) 
20131129GSWOKC,0021300235,340,3,4,0,OKC,80,74,01:03,player_code, Team Rebound 
20131129GSWOKC,0021300235,341,3,1,0,OKC,80,76,00:59.4,player_code, Lamb Pullup Jump shot: Made (5 PTS) 
20131129GSWOKC,0021300235,342,3,1,0,GSW,82,76,00:47.0,player_code, Thompson Jump Shot: Made (15 PTS) Assist: Nedovic (3 AST) 
20131129GSWOKC,0021300235,343,3,2,0,OKC,82,76,00:27.9,player_code, Westbrook 3pt Shot: Missed 
20131129GSWOKC,0021300235,344,3,4,0,GSW,82,76,00:26.8,player_code, Speights Rebound (Off:0 Def:2) 
20131129GSWOKC,0021300235,345,3,2,0,GSW,82,76,00:06.8,player_code, Speights 3pt Shot: Missed 
20131129GSWOKC,0021300235,346,3,4,0,GSW,82,76,00:03.9,player_code, Thompson Rebound (Off:2 Def:1) 
20131129GSWOKC,0021300235,347,3,2,0,GSW,82,76,00:02.8,player_code, Thompson 3pt Shot: Missed 
20131129GSWOKC,0021300235,348,3,4,0,OKC,82,76,00:00.3,player_code, Team Rebound 
20131129GSWOKC,0021300235,349,3,13,0,,82,76,00:00.0,player_code,End of  3rd Quarter
20131129GSWOKC,0021300235,349,4,12,0,,82,76,12:00,player_code,Start of 4th Quarter
20131129GSWOKC,0021300235,349,4,6,0,GSW,82,76,11:50,player_code, Speights Foul: Shooting (2 PF) (2 FTA) 
20131129GSWOKC,0021300235,350,4,3,0,OKC,82,76,11:50,player_code, Durant Free Throw 1 of 2 Missed 
20131129GSWOKC,0021300235,351,4,4,0,OKC,82,76,11:50,player_code, Team Rebound 
20131129GSWOKC,0021300235,352,4,3,0,OKC,82,77,11:50,player_code, Durant Free Throw 2 of 2 (11 PTS) 
20131129GSWOKC,0021300235,353,4,6,0,OKC,82,77,11:36,player_code, Collison Foul: Personal (2 PF) 
20131129GSWOKC,0021300235,354,4,2,0,GSW,82,77,11:23,player_code, Nedovic 3pt Shot: Missed 
20131129GSWOKC,0021300235,355,4,4,0,OKC,82,77,11:22,player_code, Durant Rebound (Off:0 Def:7) 
20131129GSWOKC,0021300235,356,4,1,0,OKC,82,79,11:15,player_code, Durant Pullup Jump shot: Made (13 PTS) 
20131129GSWOKC,0021300235,357,4,2,0,GSW,82,79,10:58,player_code, Barnes Jump Shot: Missed 
20131129GSWOKC,0021300235,358,4,4,0,OKC,82,79,10:57,player_code, Lamb Rebound (Off:0 Def:1) 
20131129GSWOKC,0021300235,359,4,1,0,OKC,82,81,10:40,player_code, Collison Jump Shot: Made (4 PTS) Assist: Durant (4 AST) 
20131129GSWOKC,0021300235,360,4,2,0,GSW,82,81,10:16,player_code, Speights Jump Shot: Missed 
20131129GSWOKC,0021300235,361,4,4,0,OKC,82,81,10:15,player_code, Jackson Rebound (Off:0 Def:2) 
20131129GSWOKC,0021300235,362,4,1,0,OKC,82,83,10:01,player_code, Durant Fadeaway Jump Shot: Made (15 PTS) 
20131129GSWOKC,0021300235,363,4,9,0,GSW,82,83,10:01,player_code, Team Timeout : Regular 
20131129GSWOKC,0021300235,364,4,8,0,GSW,82,83,10:01,player_code, Green Substitution replaced by Lee 
20131129GSWOKC,0021300235,365,4,8,0,GSW,82,83,10:01,player_code, Nedovic Substitution replaced by Curry 
20131129GSWOKC,0021300235,366,4,8,0,GSW,82,83,10:01,player_code, Speights Substitution replaced by Thompson 
20131129GSWOKC,0021300235,367,4,1,0,GSW,84,83,09:50,player_code, Barnes Alley Oop Dunk Shot: Made (15 PTS) Assist: Lee (3 AST) 
20131129GSWOKC,0021300235,368,4,2,0,OKC,84,83,09:28,player_code, Collison 3pt Shot: Missed 
20131129GSWOKC,0021300235,369,4,4,0,GSW,84,83,09:27,player_code, Thompson Rebound (Off:2 Def:2) 
20131129GSWOKC,0021300235,370,4,2,0,GSW,84,83,09:10,player_code, Thompson Jump Shot: Missed 
20131129GSWOKC,0021300235,371,4,4,0,OKC,84,83,09:09,player_code, Ibaka Rebound (Off:1 Def:8) 
20131129GSWOKC,0021300235,372,4,2,0,OKC,84,83,09:00,player_code, Jackson 3pt Shot: Missed 
20131129GSWOKC,0021300235,373,4,4,0,GSW,84,83,08:59,player_code, Lee Rebound (Off:1 Def:8) 
20131129GSWOKC,0021300235,374,4,1,0,GSW,87,83,08:53,player_code, Curry 3pt Shot: Made (24 PTS) 
20131129GSWOKC,0021300235,375,4,6,0,GSW,87,83,08:40,player_code, Barnes Foul: Personal (1 PF) 
20131129GSWOKC,0021300235,376,4,8,0,OKC,87,83,08:40,player_code, Collison Substitution replaced by Westbrook 
20131129GSWOKC,0021300235,377,4,1,0,OKC,87,85,08:33,player_code, Ibaka Dunk Shot: Made (12 PTS) Assist: Westbrook (4 AST) 
20131129GSWOKC,0021300235,378,4,2,0,GSW,87,85,08:19,player_code, Curry Jump Shot: Missed 
20131129GSWOKC,0021300235,379,4,4,0,GSW,87,85,08:17,player_code, Lee Rebound (Off:2 Def:8) 
20131129GSWOKC,0021300235,380,4,2,0,GSW,87,85,08:17,player_code, Lee Tip Shot: Missed 
20131129GSWOKC,0021300235,381,4,4,0,GSW,87,85,08:16,player_code, Curry Rebound (Off:1 Def:6) 
20131129GSWOKC,0021300235,382,4,6,0,OKC,87,85,08:07,player_code, Westbrook Foul: Shooting Block (2 PF) (2 FTA) 
20131129GSWOKC,0021300235,383,4,3,0,GSW,87,85,08:07,player_code, Thompson Free Throw 1 of 2 Missed 
20131129GSWOKC,0021300235,384,4,4,0,GSW,87,85,08:07,player_code, Team Rebound 
20131129GSWOKC,0021300235,385,4,3,0,GSW,88,85,08:07,player_code, Thompson Free Throw 2 of 2 (16 PTS) 
20131129GSWOKC,0021300235,386,4,1,0,OKC,88,88,07:56,player_code, Lamb 3pt Shot: Made (8 PTS) Assist: Westbrook (5 AST) 
20131129GSWOKC,0021300235,387,4,2,0,GSW,88,88,07:37,player_code, O'Neal Jump Shot: Missed Block: Lamb (1 BLK) 
20131129GSWOKC,0021300235,388,4,4,0,OKC,88,88,07:35,player_code, Durant Rebound (Off:0 Def:8) 
20131129GSWOKC,0021300235,389,4,1,0,OKC,88,90,07:33,player_code, Durant Slam Dunk Shot: Made (17 PTS) Assist: Westbrook (6 AST) 
20131129GSWOKC,0021300235,390,4,1,0,GSW,90,90,07:19,player_code, Curry Driving Layup Shot: Made (26 PTS) 
20131129GSWOKC,0021300235,391,4,6,0,OKC,90,90,07:19,player_code, Ibaka Foul: Shooting (4 PF) (1 FTA) 
20131129GSWOKC,0021300235,392,4,8,0,GSW,90,90,07:19,player_code, O'Neal Substitution replaced by Bogut 
20131129GSWOKC,0021300235,393,4,3,0,GSW,90,90,07:19,player_code, Curry Free Throw 1 of 1 Missed 
20131129GSWOKC,0021300235,394,4,4,0,OKC,90,90,07:18,player_code, Durant Rebound (Off:0 Def:9) 
20131129GSWOKC,0021300235,395,4,2,0,OKC,90,90,07:06,player_code, Westbrook Jump Shot: Missed 
20131129GSWOKC,0021300235,396,4,4,0,GSW,90,90,07:05,player_code, Curry Rebound (Off:1 Def:7) 
20131129GSWOKC,0021300235,397,4,2,0,GSW,90,90,06:57,player_code, Curry 3pt Shot: Missed 
20131129GSWOKC,0021300235,398,4,4,0,OKC,90,90,06:56,player_code, Durant Rebound (Off:0 Def:10) 
20131129GSWOKC,0021300235,399,4,1,0,OKC,90,92,06:41,player_code, Westbrook Driving Layup Shot: Made (27 PTS) 
20131129GSWOKC,0021300235,400,4,1,0,GSW,92,92,06:23,player_code, Barnes Running Jump Shot: Made (17 PTS) 
20131129GSWOKC,0021300235,401,4,2,0,OKC,92,92,06:06,player_code, Durant Pullup Jump shot: Missed 
20131129GSWOKC,0021300235,402,4,4,0,GSW,92,92,06:05,player_code, Lee Rebound (Off:2 Def:9) 
20131129GSWOKC,0021300235,403,4,1,0,GSW,94,92,05:47,player_code, Barnes Turnaround Jump Shot: Made (19 PTS) 
20131129GSWOKC,0021300235,404,4,5,0,OKC,94,92,05:35,player_code, Westbrook Turnover : Lost Ball (1 TO) Steal:Thompson (2 ST) 
20131129GSWOKC,0021300235,405,4,6,0,GSW,94,92,05:29,player_code, Thompson Foul: Offensive (3 PF) 
20131129GSWOKC,0021300235,406,4,6,0,GSW,94,92,05:29,player_code, Thompson Turnover : Foul (1 TO) 
20131129GSWOKC,0021300235,407,4,0,0,OKC,94,92,05:29,player_code, 
20131129GSWOKC,0021300235,408,4,2,0,OKC,94,92,05:12,player_code, Durant Turnaround Jump Shot: Missed 
20131129GSWOKC,0021300235,409,4,4,0,OKC,94,92,05:11,player_code, Ibaka Rebound (Off:2 Def:8) 
20131129GSWOKC,0021300235,410,4,2,0,OKC,94,92,05:08,player_code, Ibaka Jump Shot: Missed 
20131129GSWOKC,0021300235,411,4,4,0,GSW,94,92,05:07,player_code, Curry Rebound (Off:1 Def:8) 
20131129GSWOKC,0021300235,412,4,1,0,GSW,96,92,04:50,player_code, Barnes Jump Shot: Made (21 PTS) Assist: Lee (4 AST) 
20131129GSWOKC,0021300235,413,4,6,0,GSW,96,92,04:36,player_code, Thompson Foul: Shooting (4 PF) (2 FTA) 
20131129GSWOKC,0021300235,414,4,3,0,OKC,96,93,04:36,player_code, Westbrook Free Throw 1 of 2 (28 PTS) 
20131129GSWOKC,0021300235,415,4,8,0,OKC,96,93,04:36,player_code, Jackson Substitution replaced by Sefolosha 
20131129GSWOKC,0021300235,416,4,3,0,OKC,96,94,04:36,player_code, Westbrook Free Throw 2 of 2 (29 PTS) 
20131129GSWOKC,0021300235,417,4,1,0,GSW,98,94,04:17,player_code, Curry Jump Shot: Made (28 PTS) 
20131129GSWOKC,0021300235,418,4,2,0,OKC,98,94,04:04,player_code, Westbrook Jump Shot: Missed 
20131129GSWOKC,0021300235,419,4,4,0,GSW,98,94,04:03,player_code, Bogut Rebound (Off:4 Def:4) 
20131129GSWOKC,0021300235,420,4,6,0,OKC,98,94,03:45,player_code, Lamb Foul: Shooting (2 PF) (2 FTA) 
20131129GSWOKC,0021300235,421,4,3,0,GSW,99,94,03:45,player_code, Barnes Free Throw 1 of 2 (22 PTS) 
20131129GSWOKC,0021300235,422,4,3,0,GSW,99,94,03:45,player_code, Barnes Free Throw 2 of 2 Missed 
20131129GSWOKC,0021300235,423,4,4,0,OKC,99,94,03:44,player_code, Durant Rebound (Off:0 Def:11) 
20131129GSWOKC,0021300235,424,4,2,0,OKC,99,94,03:29,player_code, Durant Driving Layup Shot: Missed 
20131129GSWOKC,0021300235,425,4,4,0,GSW,99,94,03:28,player_code, Thompson Rebound (Off:2 Def:3) 
20131129GSWOKC,0021300235,426,4,2,0,GSW,99,94,03:12,player_code, Curry 3pt Shot: Missed 
20131129GSWOKC,0021300235,427,4,4,0,OKC,99,94,03:10,player_code, Lamb Rebound (Off:0 Def:2) 
20131129GSWOKC,0021300235,428,4,2,0,OKC,99,94,02:56,player_code, Westbrook 3pt Shot: Missed 
20131129GSWOKC,0021300235,429,4,4,0,OKC,99,94,02:54,player_code, Sefolosha Rebound (Off:1 Def:1) 
20131129GSWOKC,0021300235,430,4,2,0,OKC,99,94,02:51,player_code, Lamb 3pt Shot: Missed 
20131129GSWOKC,0021300235,431,4,4,0,OKC,99,94,02:50,player_code, Ibaka Rebound (Off:3 Def:8) 
20131129GSWOKC,0021300235,432,4,6,0,GSW,99,94,02:50,player_code, Bogut Foul: Shooting (5 PF) (2 FTA) 
20131129GSWOKC,0021300235,433,4,9,0,OKC,99,94,02:50,player_code, Team Timeout : Regular 
20131129GSWOKC,0021300235,434,4,3,0,OKC,99,95,02:50,player_code, Ibaka Free Throw 1 of 2 (13 PTS) 
20131129GSWOKC,0021300235,435,4,3,0,OKC,99,96,02:50,player_code, Ibaka Free Throw 2 of 2 (14 PTS) 
20131129GSWOKC,0021300235,436,4,6,0,OKC,99,96,02:49,player_code, Sefolosha Foul: Personal Take (2 PF) (2 FTA) 
20131129GSWOKC,0021300235,437,4,3,0,GSW,100,96,02:49,player_code, Bogut Free Throw 1 of 2 (14 PTS) 
20131129GSWOKC,0021300235,438,4,3,0,GSW,100,96,02:49,player_code, Bogut Free Throw 2 of 2 Missed 
20131129GSWOKC,0021300235,439,4,4,0,OKC,100,96,02:48,player_code, Durant Rebound (Off:0 Def:12) 
20131129GSWOKC,0021300235,440,4,6,0,GSW,100,96,02:39,player_code, Barnes Foul: Personal (2 PF) (2 FTA) 
20131129GSWOKC,0021300235,441,4,3,0,OKC,100,97,02:39,player_code, Durant Free Throw 1 of 2 (18 PTS) 
20131129GSWOKC,0021300235,442,4,8,0,GSW,100,97,02:39,player_code, Bogut Substitution replaced by Green 
20131129GSWOKC,0021300235,443,4,3,0,OKC,100,98,02:39,player_code, Durant Free Throw 2 of 2 (19 PTS) 
20131129GSWOKC,0021300235,444,4,2,0,GSW,100,98,02:28,player_code, Lee Driving Layup Shot: Missed Block: Ibaka (3 BLK) 
20131129GSWOKC,0021300235,445,4,4,0,OKC,100,98,02:26,player_code, Durant Rebound (Off:0 Def:13) 
20131129GSWOKC,0021300235,446,4,1,0,OKC,100,100,02:19,player_code, Ibaka Dunk Shot: Made (16 PTS) Assist: Durant (5 AST) 
20131129GSWOKC,0021300235,447,4,6,0,OKC,100,100,02:02,player_code, Durant Foul: Shooting (2 PF) (2 FTA) 
20131129GSWOKC,0021300235,448,4,3,0,GSW,100,100,02:02,player_code, Lee Free Throw 1 of 2 Missed 
20131129GSWOKC,0021300235,449,4,4,0,GSW,100,100,02:02,player_code, Team Rebound 
20131129GSWOKC,0021300235,450,4,8,0,GSW,100,100,02:02,player_code, Green Substitution replaced by Bogut 
20131129GSWOKC,0021300235,451,4,3,0,GSW,101,100,02:02,player_code, Lee Free Throw 2 of 2 (7 PTS) 
20131129GSWOKC,0021300235,452,4,6,0,GSW,101,100,01:49,player_code, Thompson Foul: Personal (5 PF) (2 FTA) 
20131129GSWOKC,0021300235,453,4,3,0,OKC,101,101,01:49,player_code, Durant Free Throw 1 of 2 (20 PTS) 
20131129GSWOKC,0021300235,454,4,3,0,OKC,101,102,01:49,player_code, Durant Free Throw 2 of 2 (21 PTS) 
20131129GSWOKC,0021300235,455,4,1,0,GSW,103,102,01:31,player_code, Curry Jump Bank Shot: Made (30 PTS) 
20131129GSWOKC,0021300235,456,4,2,0,OKC,103,102,01:09,player_code, Durant Fadeaway Jump Shot: Missed 
20131129GSWOKC,0021300235,457,4,4,0,OKC,103,102,01:09,player_code, Team Rebound 
20131129GSWOKC,0021300235,458,4,6,0,GSW,103,102,01:09,player_code, Curry Foul: Loose Ball (4 PF) (2 FTA) 
20131129GSWOKC,0021300235,459,4,3,0,OKC,103,103,01:09,player_code, Ibaka Free Throw 1 of 2 (17 PTS) 
20131129GSWOKC,0021300235,460,4,3,0,OKC,103,104,01:09,player_code, Ibaka Free Throw 2 of 2 (18 PTS) 
20131129GSWOKC,0021300235,461,4,2,0,GSW,103,104,00:48.9,player_code, Thompson Running Jump Shot: Missed 
20131129GSWOKC,0021300235,462,4,4,0,OKC,103,104,00:47.9,player_code, Sefolosha Rebound (Off:1 Def:2) 
20131129GSWOKC,0021300235,463,4,2,0,OKC,103,104,00:25.9,player_code, Durant Fadeaway Jump Shot: Missed 
20131129GSWOKC,0021300235,464,4,4,0,GSW,103,104,00:24.3,player_code, Team Rebound 
20131129GSWOKC,0021300235,465,4,6,0,OKC,103,104,00:24.3,player_code, Sefolosha Foul: Loose Ball (3 PF) (2 FTA) 
20131129GSWOKC,0021300235,466,4,3,0,GSW,103,104,00:24.3,player_code, Lee Free Throw 1 of 2 Missed 
20131129GSWOKC,0021300235,467,4,4,0,GSW,103,104,00:24.3,player_code, Team Rebound 
20131129GSWOKC,0021300235,468,4,9,0,OKC,103,104,00:24.3,player_code, Team Timeout : Regular 
20131129GSWOKC,0021300235,469,4,8,0,GSW,103,104,00:24.3,player_code, Curry Substitution replaced by Green 
20131129GSWOKC,0021300235,470,4,3,0,GSW,104,104,00:24.3,player_code, Lee Free Throw 2 of 2 (8 PTS) 
20131129GSWOKC,0021300235,471,4,2,0,OKC,104,104,00:00.9,player_code, Durant Fadeaway Jump Shot: Missed 
20131129GSWOKC,0021300235,472,4,4,0,GSW,104,104,00:00.0,player_code, Thompson Rebound (Off:2 Def:4) 
20131129GSWOKC,0021300235,473,4,13,0,,104,104,00:00.0,player_code,End of  4th Quarter
20131129GSWOKC,0021300235,473,5,12,0,,104,104,5:00,player_code,Start of 1st Overtime
20131129GSWOKC,0021300235,473,5,10,0,,104,104,05:00) Jump Ball Ibaka vs Bogut (Curry gains possession,player_code,(05:00) Jump Ball Ibaka vs Bogut (Curry gains possession)
20131129GSWOKC,0021300235,473,5,2,0,GSW,104,104,04:43,player_code, Lee Turnaround Jump Shot: Missed Block: Durant (2 BLK) 
20131129GSWOKC,0021300235,474,5,4,0,GSW,104,104,04:41,player_code, Curry Rebound (Off:2 Def:8) 
20131129GSWOKC,0021300235,475,5,1,0,GSW,106,104,04:40,player_code, Curry Jump Bank Shot: Made (32 PTS) 
20131129GSWOKC,0021300235,476,5,6,0,GSW,106,104,04:22,player_code, Bogut Foul: Shooting (6 PF) (2 FTA) 
20131129GSWOKC,0021300235,477,5,8,0,GSW,106,104,04:22,player_code, Bogut Substitution replaced by O'Neal 
20131129GSWOKC,0021300235,478,5,3,0,OKC,106,105,04:22,player_code, Westbrook Free Throw 1 of 2 (30 PTS) 
20131129GSWOKC,0021300235,479,5,3,0,OKC,106,106,04:22,player_code, Westbrook Free Throw 2 of 2 (31 PTS) 
20131129GSWOKC,0021300235,480,5,6,0,OKC,106,106,04:17,player_code, Lamb Foul: Personal (3 PF) 
20131129GSWOKC,0021300235,481,5,5,0,GSW,106,106,04:11,player_code, Lee Turnover : Traveling (2 TO) 
20131129GSWOKC,0021300235,482,5,5,0,OKC,106,106,03:56,player_code, Ibaka Turnover : Bad Pass (3 TO) 
20131129GSWOKC,0021300235,483,5,2,0,GSW,106,106,03:45,player_code, Lee Dunk Shot: Missed Block: Ibaka (4 BLK) 
20131129GSWOKC,0021300235,484,5,4,0,OKC,106,106,03:44,player_code, Sefolosha Rebound (Off:1 Def:3) 
20131129GSWOKC,0021300235,485,5,6,0,GSW,106,106,03:27,player_code, O'Neal Foul: Shooting (3 PF) (2 FTA) 
20131129GSWOKC,0021300235,486,5,3,0,OKC,106,107,03:27,player_code, Durant Free Throw 1 of 2 (22 PTS) 
20131129GSWOKC,0021300235,487,5,3,0,OKC,106,108,03:27,player_code, Durant Free Throw 2 of 2 (23 PTS) 
20131129GSWOKC,0021300235,488,5,2,0,GSW,106,108,03:19,player_code, Curry 3pt Shot: Missed 
20131129GSWOKC,0021300235,489,5,4,0,OKC,106,108,03:18,player_code, Ibaka Rebound (Off:3 Def:9) 
20131129GSWOKC,0021300235,490,5,2,0,OKC,106,108,03:04,player_code, Durant Fadeaway Jump Shot: Missed 
20131129GSWOKC,0021300235,491,5,4,0,GSW,106,108,03:03,player_code, Curry Rebound (Off:2 Def:9) 
20131129GSWOKC,0021300235,492,5,9,0,GSW,106,108,02:57,player_code, Team Timeout : Regular 
20131129GSWOKC,0021300235,493,5,2,0,GSW,106,108,02:49,player_code, Curry 3pt Shot: Missed 
20131129GSWOKC,0021300235,494,5,4,0,OKC,106,108,02:48,player_code, Sefolosha Rebound (Off:1 Def:4) 
20131129GSWOKC,0021300235,495,5,1,0,OKC,106,110,02:31,player_code, Durant Jump Shot: Made (25 PTS) Assist: Westbrook (7 AST) 
20131129GSWOKC,0021300235,496,5,2,0,GSW,106,110,02:20,player_code, Curry Running Jump Shot: Missed 
20131129GSWOKC,0021300235,497,5,4,0,OKC,106,110,02:19,player_code, Ibaka Rebound (Off:3 Def:10) 
20131129GSWOKC,0021300235,498,5,5,0,OKC,106,110,02:02,player_code, Durant Turnover : Lost Ball (4 TO) Steal:Barnes (1 ST) 
20131129GSWOKC,0021300235,499,5,6,0,OKC,106,110,01:56,player_code, Durant Foul: Shooting (3 PF) (2 FTA) 
20131129GSWOKC,0021300235,500,5,3,0,GSW,107,110,01:56,player_code, Barnes Free Throw 1 of 2 (23 PTS) 
20131129GSWOKC,0021300235,501,5,3,0,GSW,108,110,01:56,player_code, Barnes Free Throw 2 of 2 (24 PTS) 
20131129GSWOKC,0021300235,502,5,2,0,OKC,108,110,01:38,player_code, Westbrook 3pt Shot: Missed 
20131129GSWOKC,0021300235,503,5,4,0,GSW,108,110,01:36,player_code, O'Neal Rebound (Off:1 Def:3) 
20131129GSWOKC,0021300235,504,5,1,0,GSW,110,110,01:25,player_code, Lee Layup Shot: Made (10 PTS) Assist: Curry (5 AST) 
20131129GSWOKC,0021300235,505,5,2,0,OKC,110,110,01:04,player_code, Lamb 3pt Shot: Missed 
20131129GSWOKC,0021300235,506,5,4,0,GSW,110,110,01:04,player_code, O'Neal Rebound (Off:1 Def:4) 
20131129GSWOKC,0021300235,507,5,1,0,GSW,112,110,00:45.1,player_code, Barnes Reverse Layup Shot: Made (26 PTS) 
20131129GSWOKC,0021300235,508,5,9,0,OKC,112,110,00:45.1,player_code, Team Timeout : Regular 
20131129GSWOKC,0021300235,509,5,8,0,GSW,112,110,00:45.1,player_code, Curry Substitution replaced by Green 
20131129GSWOKC,0021300235,510,5,2,0,OKC,112,110,00:39.9,player_code, Durant Jump Shot: Missed 
20131129GSWOKC,0021300235,511,5,4,0,GSW,112,110,00:38.9,player_code, Lee Rebound (Off:2 Def:10) 
20131129GSWOKC,0021300235,512,5,9,0,GSW,112,110,00:38.0,player_code, Team Timeout : Regular 
20131129GSWOKC,0021300235,513,5,8,0,GSW,112,110,00:38.0,player_code, Green Substitution replaced by Curry 
20131129GSWOKC,0021300235,514,5,2,0,GSW,112,110,00:21.9,player_code, Barnes Jump Shot: Missed 
20131129GSWOKC,0021300235,515,5,4,0,OKC,112,110,00:19.9,player_code, Lamb Rebound (Off:0 Def:3) 
20131129GSWOKC,0021300235,516,5,9,0,OKC,112,110,00:19.1,player_code, Team Timeout : Short 
20131129GSWOKC,0021300235,517,5,8,0,GSW,112,110,00:19.1,player_code, Curry Substitution replaced by Green 
20131129GSWOKC,0021300235,518,5,6,0,GSW,112,110,00:16.1,player_code, Barnes Foul: Personal (3 PF) 
20131129GSWOKC,0021300235,519,5,2,0,OKC,112,110,00:11.9,player_code, Durant Floating Jump shot: Missed 
20131129GSWOKC,0021300235,520,5,4,0,OKC,112,110,00:09.4,player_code, Team Rebound 
20131129GSWOKC,0021300235,521,5,2,0,OKC,112,110,00:05.9,player_code, Ibaka Jump Shot: Missed 
20131129GSWOKC,0021300235,522,5,4,0,OKC,112,110,00:03.9,player_code, Sefolosha Rebound (Off:2 Def:4) 
20131129GSWOKC,0021300235,523,5,1,0,OKC,112,113,00:00.1,player_code, Westbrook 3pt Shot: Made (34 PTS) 
20131129GSWOKC,0021300235,524,5,9,0,GSW,112,113,00:00.1,player_code, Team Timeout : Short 
20131129GSWOKC,0021300235,525,5,8,0,GSW,112,113,00:00.1,player_code, O'Neal Substitution replaced by Curry 
20131129GSWOKC,0021300235,526,5,13,0,,112,113,00:00.0,player_code,End of  1st Overtime
