gameid,gameid_num,away,home,tm,line,player_code,pos,min,fgm,fga,3pm,3pa,ftm,fta,+/-,off,def,tot,ast,pf,st,to,bs,ba,pts
20150326INDMIL,0021401073,IND,MIL,IND,155,solomon_hill,F,22:52,2,7,1,2,0,0,-4,2,4,6,2,4,0,4,0,2,5
20150326INDMIL,0021401073,IND,MIL,IND,155,luis_scola,F,29:20,6,12,0,1,3,5,-13,5,3,8,2,4,1,2,1,0,15
20150326INDMIL,0021401073,IND,MIL,IND,155,roy_hibbert,C,27:20,3,5,0,0,4,4,-8,1,2,3,0,3,1,1,2,0,10
20150326INDMIL,0021401073,IND,MIL,IND,155,cj_miles,G,32:11,7,14,4,8,8,10,-4,1,2,3,1,3,1,2,0,0,26
20150326INDMIL,0021401073,IND,MIL,IND,155,george_hill,G,33:41,7,12,6,10,4,5,+3,1,2,3,5,4,1,5,0,0,24
20150326INDMIL,0021401073,IND,MIL,IND,155,damjan_rudez,,23:30,1,6,1,5,0,0,-11,0,3,3,0,1,0,0,0,0,3
20150326INDMIL,0021401073,IND,MIL,IND,155,cj_watson,,31:57,4,9,2,4,13,15,+3,1,6,7,7,5,2,4,0,0,23
20150326INDMIL,0021401073,IND,MIL,IND,155,ian_mahinmi,,20:28,0,2,0,0,1,4,+5,1,4,5,0,3,0,0,1,0,1
20150326INDMIL,0021401073,IND,MIL,IND,155,lavoy_allen,,18:40,0,4,0,0,0,0,+9,0,3,3,1,1,1,1,0,1,0
20150326INDMIL,0021401073,IND,MIL,IND,155,total,,240,30,71,14,30,33,43,,12,29,41,18,28,7,19,4,3,107
20150326INDMIL,0021401073,IND,MIL,MIL,-175,giannis_antetokounmpo,F,43:02,7,10,0,1,2,4,+13,1,3,4,2,3,0,1,1,1,16
20150326INDMIL,0021401073,IND,MIL,MIL,-175,ersan_ilyasova,F,35:40,12,14,5,6,5,6,+19,1,5,6,2,3,2,0,0,1,34
20150326INDMIL,0021401073,IND,MIL,MIL,-175,zaza_pachulia,C,32:23,4,7,0,0,4,4,+9,1,5,6,3,5,2,3,0,0,12
20150326INDMIL,0021401073,IND,MIL,MIL,-175,khris_middleton,G,33:55,6,12,2,3,3,3,+9,0,3,3,1,4,0,3,0,0,17
20150326INDMIL,0021401073,IND,MIL,MIL,-175,michael_carter-williams,G,29:12,3,11,0,1,7,11,+17,1,4,5,8,6,4,2,0,1,13
20150326INDMIL,0021401073,IND,MIL,MIL,-175,oj_mayo,,13:11,1,5,1,4,0,0,-10,0,1,1,4,4,0,2,0,1,3
20150326INDMIL,0021401073,IND,MIL,MIL,-175,jerryd_bayless,,18:48,2,6,1,3,1,2,-13,1,1,2,2,4,0,3,0,0,6
20150326INDMIL,0021401073,IND,MIL,MIL,-175,john_henson,,15:37,3,5,0,0,2,4,-5,1,1,2,1,4,2,1,2,0,8
20150326INDMIL,0021401073,IND,MIL,MIL,-175,jared_dudley,,12:20,1,3,0,1,0,0,-15,0,1,1,1,0,0,1,0,0,2
20150326INDMIL,0021401073,IND,MIL,MIL,-175,tyler_ennis,,05:52,0,0,0,0,0,0,-4,0,0,0,2,1,0,0,0,0,0
20150326INDMIL,0021401073,IND,MIL,MIL,-175,total,,240,39,73,9,19,24,34,,6,24,30,26,34,10,16,3,4,111
20150327DETORL,0021401074,DET,ORL,DET,-140,caron_butler,F,19:18,1,2,1,1,0,0,+11,0,1,1,2,1,0,0,0,0,3
20150327DETORL,0021401074,DET,ORL,DET,-140,anthony_tolliver,F,31:26,4,6,3,5,0,0,+8,0,4,4,2,1,0,0,0,0,11
20150327DETORL,0021401074,DET,ORL,DET,-140,andre_drummond,C,27:34,7,9,0,0,2,5,+17,4,5,9,0,3,1,1,2,0,16
20150327DETORL,0021401074,DET,ORL,DET,-140,kentavious_caldwell-pope,G,38:48,4,20,0,5,2,2,+9,1,4,5,1,1,4,0,0,1,10
20150327DETORL,0021401074,DET,ORL,DET,-140,reggie_jackson,G,31:11,9,19,1,2,7,9,+5,3,8,11,10,0,1,3,0,1,26
20150327DETORL,0021401074,DET,ORL,DET,-140,spencer_dinwiddie,,16:49,2,6,0,1,3,4,+9,0,2,2,6,2,2,0,0,0,7
20150327DETORL,0021401074,DET,ORL,DET,-140,jodie_meeks,,21:31,4,8,1,3,3,3,+11,0,2,2,0,1,0,0,0,0,12
20150327DETORL,0021401074,DET,ORL,DET,-140,tayshaun_prince,,26:59,10,15,1,1,2,3,+2,4,3,7,1,0,1,0,0,0,23
20150327DETORL,0021401074,DET,ORL,DET,-140,joel_anthony,,20:26,1,2,0,0,1,1,-3,0,0,0,0,3,1,1,4,0,3
20150327DETORL,0021401074,DET,ORL,DET,-140,shawne_williams,,05:58,0,3,0,0,0,0,+1,0,0,0,0,0,0,0,0,0,0
20150327DETORL,0021401074,DET,ORL,DET,-140,total,,240,42,90,7,18,20,27,,12,29,41,22,12,10,5,6,2,111
20150327DETORL,0021401074,DET,ORL,ORL,120,tobias_harris,F,36:19,9,18,0,3,3,3,-8,2,3,5,1,0,1,1,0,2,21
20150327DETORL,0021401074,DET,ORL,ORL,120,andrew_nicholson,F,27:04,5,9,0,2,0,0,-2,1,1,2,3,1,0,0,0,0,10
20150327DETORL,0021401074,DET,ORL,ORL,120,nikola_vucevic,C,33:10,10,18,0,0,0,0,-6,3,11,14,1,3,0,1,1,1,20
20150327DETORL,0021401074,DET,ORL,ORL,120,victor_oladipo,G,35:36,6,10,1,2,3,3,-8,0,3,3,7,3,1,3,1,2,16
20150327DETORL,0021401074,DET,ORL,ORL,120,elfrid_payton,G,38:49,6,10,0,0,2,2,-9,1,3,4,13,3,0,2,0,1,14
20150327DETORL,0021401074,DET,ORL,ORL,120,willie_green,,22:11,3,8,1,4,0,0,-15,1,1,2,2,4,0,3,0,0,7
20150327DETORL,0021401074,DET,ORL,ORL,120,maurice_harkless,,06:12,0,0,0,0,0,0,-2,0,3,3,0,1,0,1,0,0,0
20150327DETORL,0021401074,DET,ORL,ORL,120,luke_ridnour,,17:07,2,3,1,2,0,0,-7,0,1,1,1,3,1,1,0,0,5
20150327DETORL,0021401074,DET,ORL,ORL,120,aaron_gordon,,14:07,2,4,0,0,0,0,-8,0,3,3,2,4,0,1,0,0,4
20150327DETORL,0021401074,DET,ORL,ORL,120,channing_frye,,09:25,0,2,0,2,0,0,-5,0,3,3,1,2,0,3,0,0,0
20150327DETORL,0021401074,DET,ORL,ORL,120,total,,240,43,82,3,15,8,8,,8,32,40,31,24,3,16,2,6,97
20150327LACPHI,0021401075,LAC,PHI,LAC,-1000,matt_barnes,F,26:56,4,8,3,7,4,4,+23,0,4,4,3,3,4,2,0,0,15
20150327LACPHI,0021401075,LAC,PHI,LAC,-1000,blake_griffin,F,29:09,5,8,0,0,0,0,+13,1,4,5,8,3,0,1,0,0,10
20150327LACPHI,0021401075,LAC,PHI,LAC,-1000,deandre_jordan,C,27:36,6,10,0,0,5,17,+26,7,13,20,0,2,0,0,2,1,17
20150327LACPHI,0021401075,LAC,PHI,LAC,-1000,jj_redick,G,29:20,8,14,3,7,0,0,+27,0,3,3,0,3,1,2,0,0,19
20150327LACPHI,0021401075,LAC,PHI,LAC,-1000,chris_paul,G,29:50,9,15,3,5,4,4,+29,0,3,3,7,3,1,3,0,0,25
20150327LACPHI,0021401075,LAC,PHI,LAC,-1000,austin_rivers,,23:43,4,9,1,2,4,4,-2,0,5,5,3,0,0,1,0,0,13
20150327LACPHI,0021401075,LAC,PHI,LAC,-1000,spencer_hawes,,18:57,3,7,1,4,0,0,+6,0,8,8,1,3,1,4,0,0,7
20150327LACPHI,0021401075,LAC,PHI,LAC,-1000,glen_davis,,14:36,1,2,0,0,2,2,+1,0,2,2,0,1,0,1,0,0,4
20150327LACPHI,0021401075,LAC,PHI,LAC,-1000,hidayet_turkoglu,,14:24,2,4,1,3,0,0,-5,0,4,4,3,2,0,0,0,0,5
20150327LACPHI,0021401075,LAC,PHI,LAC,-1000,jordan_hamilton,,11:20,0,1,0,1,0,0,-3,0,0,0,2,1,0,0,0,0,0
20150327LACPHI,0021401075,LAC,PHI,LAC,-1000,ekpe_udoh,,05:38,2,2,0,0,0,0,-4,0,2,2,0,2,1,1,0,0,4
20150327LACPHI,0021401075,LAC,PHI,LAC,-1000,cj_wilcox,,05:21,0,1,0,0,0,0,-2,0,0,0,1,0,0,1,0,0,0
20150327LACPHI,0021401075,LAC,PHI,LAC,-1000,dahntay_jones,,03:11,0,1,0,0,0,0,-4,0,0,0,0,1,0,0,0,0,0
20150327LACPHI,0021401075,LAC,PHI,LAC,-1000,total,,240,44,82,12,29,19,31,,8,48,56,28,24,8,16,2,1,119
20150327LACPHI,0021401075,LAC,PHI,PHI,700,robert_covington,F,24:28,0,4,0,4,2,2,-8,0,3,3,1,2,2,1,0,0,2
20150327LACPHI,0021401075,LAC,PHI,PHI,700,jerami_grant,F,23:17,2,7,1,5,1,2,-8,0,4,4,0,3,1,3,0,0,6
20150327LACPHI,0021401075,LAC,PHI,PHI,700,nerlens_noel,C,39:03,12,17,0,0,6,8,-8,5,9,14,2,3,2,4,0,0,30
20150327LACPHI,0021401075,LAC,PHI,PHI,700,jakarr_sampson,G,14:39,1,9,1,3,0,0,-3,1,2,3,0,1,1,0,0,1,3
20150327LACPHI,0021401075,LAC,PHI,PHI,700,ish_smith,G,32:21,8,14,2,2,0,1,-5,0,2,2,9,3,2,3,0,1,18
20150327LACPHI,0021401075,LAC,PHI,PHI,700,jason_richardson,,13:11,1,6,1,3,0,0,-21,0,1,1,0,0,1,0,0,0,3
20150327LACPHI,0021401075,LAC,PHI,PHI,700,luc_mbah_a_moute,,21:46,4,8,3,5,2,4,-13,1,3,4,2,1,0,1,1,0,13
20150327LACPHI,0021401075,LAC,PHI,PHI,700,hollis_thompson,,21:30,4,7,0,2,2,2,-15,0,0,0,3,2,1,0,0,0,10
20150327LACPHI,0021401075,LAC,PHI,PHI,700,thomas_robinson,,12:00,0,5,0,0,2,6,-11,0,3,3,0,4,0,0,0,0,2
20150327LACPHI,0021401075,LAC,PHI,PHI,700,isaiah_canaan,,20:02,3,7,3,7,0,0,-22,0,2,2,0,4,0,0,0,0,9
20150327LACPHI,0021401075,LAC,PHI,PHI,700,glenn_robinson_iii,,05:43,1,2,0,0,0,0,+4,1,2,3,0,1,0,1,0,0,2
20150327LACPHI,0021401075,LAC,PHI,PHI,700,furkan_aldemir,,12:00,0,0,0,0,0,2,+5,0,1,1,0,1,1,0,0,0,0
20150327LACPHI,0021401075,LAC,PHI,PHI,700,total,,240,36,86,11,31,15,27,,8,32,40,17,25,11,13,1,2,98
20150327CHAWAS,0021401076,CHA,WAS,CHA,170,michael_kidd-gilchrist,F,22:48,4,11,0,0,3,4,+2,2,6,8,0,1,1,1,1,4,11
20150327CHAWAS,0021401076,CHA,WAS,CHA,170,marvin_williams,F,43:48,2,7,1,5,0,0,+4,0,10,10,2,1,1,0,1,0,5
20150327CHAWAS,0021401076,CHA,WAS,CHA,170,al_jefferson,C,40:10,14,24,0,1,3,3,+8,3,7,10,0,4,0,0,0,0,31
20150327CHAWAS,0021401076,CHA,WAS,CHA,170,gerald_henderson,G,40:16,3,8,1,2,4,4,+16,1,13,14,2,1,1,1,1,1,11
20150327CHAWAS,0021401076,CHA,WAS,CHA,170,kemba_walker,G,46:20,3,17,1,4,2,2,+4,0,1,1,10,0,3,2,2,3,9
20150327CHAWAS,0021401076,CHA,WAS,CHA,170,jason_maxiell,,14:12,0,2,0,0,0,3,-7,0,2,2,0,3,1,0,0,0,0
20150327CHAWAS,0021401076,CHA,WAS,CHA,170,bismack_biyombo,,17:50,0,3,0,0,3,4,-11,2,3,5,0,1,1,2,4,1,3
20150327CHAWAS,0021401076,CHA,WAS,CHA,170,maurice_williams,,41:08,8,26,4,10,6,7,-6,1,8,9,10,4,2,4,2,0,26
20150327CHAWAS,0021401076,CHA,WAS,CHA,170,lance_stephenson,,11:40,1,3,0,0,0,0,-7,0,0,0,1,1,1,1,0,0,2
20150327CHAWAS,0021401076,CHA,WAS,CHA,170,pj_hairston,,11:15,1,3,1,3,5,6,-14,1,1,2,0,1,0,0,0,0,8
20150327CHAWAS,0021401076,CHA,WAS,CHA,170,jeff_taylor,,00:33,0,0,0,0,1,2,-4,0,0,0,0,0,0,0,0,0,1
20150327CHAWAS,0021401076,CHA,WAS,CHA,170,total,,290,36,104,8,25,27,35,,10,51,61,25,17,11,11,11,9,107
20150327CHAWAS,0021401076,CHA,WAS,WAS,-200,paul_pierce,F,23:11,2,9,0,6,2,4,-12,1,3,4,2,2,0,0,3,0,6
20150327CHAWAS,0021401076,CHA,WAS,WAS,-200,nene,F,19:57,5,9,0,0,0,2,-12,1,4,5,0,2,0,2,0,0,10
20150327CHAWAS,0021401076,CHA,WAS,WAS,-200,marcin_gortat,C,44:06,4,9,0,0,0,0,-6,5,11,16,3,5,3,0,4,2,8
20150327CHAWAS,0021401076,CHA,WAS,WAS,-200,bradley_beal,G,42:54,7,18,2,3,0,0,-2,2,4,6,6,2,3,5,0,3,16
20150327CHAWAS,0021401076,CHA,WAS,WAS,-200,john_wall,G,48:29,12,30,2,4,6,8,-5,0,9,9,6,4,2,6,0,2,32
20150327CHAWAS,0021401076,CHA,WAS,WAS,-200,martell_webster,,11:47,0,4,0,3,2,4,+7,0,0,0,0,0,0,0,0,0,2
20150327CHAWAS,0021401076,CHA,WAS,WAS,-200,drew_gooden,,39:13,5,11,3,4,2,2,+13,5,12,17,4,1,1,1,0,1,15
20150327CHAWAS,0021401076,CHA,WAS,WAS,-200,ramon_sessions,,18:50,4,7,0,1,1,2,+14,1,6,7,3,2,0,1,0,2,9
20150327CHAWAS,0021401076,CHA,WAS,WAS,-200,kevin_seraphin,,12:41,1,5,0,0,0,0,+11,1,3,4,0,3,0,1,1,1,2
20150327CHAWAS,0021401076,CHA,WAS,WAS,-200,will_bynum,,02:55,0,1,0,0,0,0,-1,0,0,0,1,1,0,0,0,0,0
20150327CHAWAS,0021401076,CHA,WAS,WAS,-200,rasual_butler,,25:57,4,10,2,4,0,0,+8,1,3,4,0,4,0,0,1,0,10
20150327CHAWAS,0021401076,CHA,WAS,WAS,-200,total,,290,44,113,9,25,13,22,,17,55,72,25,26,9,16,9,11,110
20150327MIAATL,0021401077,MIA,ATL,MIA,310,henry_walker,F,39:33,4,12,4,11,0,0,-6,2,7,9,5,3,4,3,0,0,12
20150327MIAATL,0021401077,MIA,ATL,MIA,310,luol_deng,F,33:07,7,15,0,4,3,4,-17,3,7,10,1,3,1,3,1,1,17
20150327MIAATL,0021401077,MIA,ATL,MIA,310,udonis_haslem,C,25:36,2,3,0,0,2,2,-21,3,5,8,2,2,0,0,0,1,6
20150327MIAATL,0021401077,MIA,ATL,MIA,310,dwyane_wade,G,21:39,5,13,3,5,0,0,-17,0,0,0,1,2,0,1,0,0,13
20150327MIAATL,0021401077,MIA,ATL,MIA,310,goran_dragic,G,27:26,3,11,0,3,0,0,-10,0,2,2,3,3,1,3,1,1,6
20150327MIAATL,0021401077,MIA,ATL,MIA,310,mario_chalmers,,30:22,4,8,3,7,2,2,-6,0,1,1,5,2,2,2,1,0,13
20150327MIAATL,0021401077,MIA,ATL,MIA,310,michael_beasley,,22:24,4,6,0,0,1,2,+8,0,3,3,3,5,0,4,2,1,9
20150327MIAATL,0021401077,MIA,ATL,MIA,310,tyler_johnson,,22:44,0,7,0,3,2,4,-7,2,4,6,0,0,2,1,1,0,2
20150327MIAATL,0021401077,MIA,ATL,MIA,310,james_ennis,,15:07,3,5,1,2,1,1,+9,0,1,1,0,0,0,1,0,0,8
20150327MIAATL,0021401077,MIA,ATL,MIA,310,zoran_dragic,,02:02,0,2,0,0,0,0,+2,0,0,0,0,0,0,0,0,0,0
20150327MIAATL,0021401077,MIA,ATL,MIA,310,total,,240,32,82,11,35,11,15,,10,30,40,20,20,10,18,6,4,86
20150327MIAATL,0021401077,MIA,ATL,ATL,-380,demarre_carroll,F,32:33,8,12,3,5,5,7,+14,2,3,5,2,3,2,5,0,1,24
20150327MIAATL,0021401077,MIA,ATL,ATL,-380,paul_millsap,F,32:57,8,12,0,2,5,5,+16,0,9,9,4,3,1,2,2,0,21
20150327MIAATL,0021401077,MIA,ATL,ATL,-380,al_horford,C,30:32,7,9,0,0,1,2,+8,0,3,3,4,0,0,3,1,0,15
20150327MIAATL,0021401077,MIA,ATL,ATL,-380,kyle_korver,G,33:26,3,6,2,5,0,0,+6,0,2,2,3,1,3,2,1,0,8
20150327MIAATL,0021401077,MIA,ATL,ATL,-380,dennis_schroder,G,32:34,3,10,0,2,6,6,+11,0,3,3,11,3,1,2,0,2,12
20150327MIAATL,0021401077,MIA,ATL,ATL,-380,kent_bazemore,,17:49,2,2,0,0,1,2,+6,0,3,3,1,1,1,1,0,0,5
20150327MIAATL,0021401077,MIA,ATL,ATL,-380,mike_muscala,,21:42,3,7,1,1,1,2,+3,2,3,5,0,1,1,0,0,1,8
20150327MIAATL,0021401077,MIA,ATL,ATL,-380,shelvin_mack,,24:40,2,9,0,2,0,0,+5,0,2,2,5,1,2,2,0,2,4
20150327MIAATL,0021401077,MIA,ATL,ATL,-380,thabo_sefolosha,,13:03,1,5,0,1,0,0,-4,1,5,6,1,0,1,0,0,0,2
20150327MIAATL,0021401077,MIA,ATL,ATL,-380,austin_daye,,00:44,0,0,0,0,0,0,0,0,1,1,0,0,0,0,0,0,0
20150327MIAATL,0021401077,MIA,ATL,ATL,-380,total,,240,37,72,6,18,19,24,,5,34,39,31,13,12,17,4,6,99
20150327CLEBKN,0021401078,CLE,BKN,CLE,-450,lebron_james,F,38:28,8,15,2,5,6,8,-1,0,5,5,9,4,5,3,1,0,24
20150327CLEBKN,0021401078,CLE,BKN,CLE,-450,kevin_love,F,31:24,6,11,2,4,4,4,0,1,6,7,1,6,0,3,0,0,18
20150327CLEBKN,0021401078,CLE,BKN,CLE,-450,timofey_mozgov,C,16:42,1,3,0,0,0,0,+8,0,5,5,0,0,0,3,1,0,2
20150327CLEBKN,0021401078,CLE,BKN,CLE,-450,jr_smith,G,37:08,3,10,2,9,0,0,+1,0,5,5,1,4,2,2,0,0,8
20150327CLEBKN,0021401078,CLE,BKN,CLE,-450,kyrie_irving,G,38:28,10,22,1,5,5,5,+1,0,2,2,3,1,1,1,2,0,26
20150327CLEBKN,0021401078,CLE,BKN,CLE,-450,kendrick_perkins,,05:08,0,0,0,0,0,0,-6,0,0,0,0,1,0,2,0,0,0
20150327CLEBKN,0021401078,CLE,BKN,CLE,-450,iman_shumpert,,30:24,4,9,0,3,1,1,-15,2,4,6,1,2,1,1,0,0,9
20150327CLEBKN,0021401078,CLE,BKN,CLE,-450,tristan_t_thompson,,22:32,4,6,0,0,0,2,-11,2,7,9,0,0,1,0,0,1,8
20150327CLEBKN,0021401078,CLE,BKN,CLE,-450,matthew_dellavedova,,09:37,0,1,0,1,0,0,-9,1,0,1,1,0,0,0,0,0,0
20150327CLEBKN,0021401078,CLE,BKN,CLE,-450,james_jones,,10:09,1,4,1,3,0,0,-8,0,0,0,1,1,0,1,0,0,3
20150327CLEBKN,0021401078,CLE,BKN,CLE,-450,total,,240,37,81,8,30,16,20,,6,34,40,17,19,10,16,4,1,98
20150327CLEBKN,0021401078,CLE,BKN,BKN,350,joe_johnson,F,38:26,7,14,3,7,3,3,-1,0,5,5,9,2,0,1,0,1,20
20150327CLEBKN,0021401078,CLE,BKN,BKN,350,mason_plumlee,F,24:23,1,3,0,0,0,0,-2,2,6,8,0,2,0,2,1,0,2
20150327CLEBKN,0021401078,CLE,BKN,BKN,350,brook_lopez,C,37:50,7,16,0,0,6,6,+5,5,4,9,0,4,1,4,0,0,20
20150327CLEBKN,0021401078,CLE,BKN,BKN,350,markel_brown,G,15:55,2,5,1,2,0,0,-4,0,4,4,0,1,0,1,0,0,5
20150327CLEBKN,0021401078,CLE,BKN,BKN,350,deron_williams,G,22:29,2,6,1,2,0,0,-2,1,4,5,5,1,1,5,0,0,5
20150327CLEBKN,0021401078,CLE,BKN,BKN,350,bojan_bogdanovic,,32:05,7,12,2,5,2,2,+12,1,3,4,0,0,0,0,0,0,18
20150327CLEBKN,0021401078,CLE,BKN,BKN,350,alan_anderson,,30:03,5,11,1,4,2,2,+11,1,4,5,1,4,1,0,0,2,13
20150327CLEBKN,0021401078,CLE,BKN,BKN,350,cory_jefferson,,02:04,0,1,0,0,0,0,+4,0,1,1,0,0,0,0,0,0,0
20150327CLEBKN,0021401078,CLE,BKN,BKN,350,jarrett_jack,,25:31,6,13,0,0,4,6,+10,0,4,4,5,2,2,2,0,1,16
20150327CLEBKN,0021401078,CLE,BKN,BKN,350,earl_clark,,11:14,3,5,1,3,0,0,+7,0,1,1,1,2,1,0,0,0,7
20150327CLEBKN,0021401078,CLE,BKN,BKN,350,total,,240,40,86,9,23,17,19,,10,36,46,21,18,6,15,1,4,106
20150327BOSNYK,0021401079,BOS,NYK,BOS,-700,brandon_bass,F,35:43,4,7,0,1,8,10,-4,3,7,10,2,3,0,3,0,0,16
20150327BOSNYK,0021401079,BOS,NYK,BOS,-700,evan_turner,F,35:53,5,10,0,1,5,7,+6,0,7,7,5,1,0,5,0,0,15
20150327BOSNYK,0021401079,BOS,NYK,BOS,-700,tyler_zeller,C,12:20,1,3,0,0,0,0,-10,1,2,3,0,2,0,2,0,0,2
20150327BOSNYK,0021401079,BOS,NYK,BOS,-700,avery_bradley,G,34:03,4,10,0,2,2,3,-9,1,2,3,2,3,2,0,0,0,10
20150327BOSNYK,0021401079,BOS,NYK,BOS,-700,marcus_smart,G,34:02,2,3,1,1,1,2,-5,1,1,2,1,0,1,0,0,0,6
20150327BOSNYK,0021401079,BOS,NYK,BOS,-700,jae_crowder,,29:07,5,12,0,3,7,8,+2,0,9,9,0,2,2,1,0,1,17
20150327BOSNYK,0021401079,BOS,NYK,BOS,-700,isaiah_thomas,,23:51,4,13,2,7,8,9,+16,1,0,1,6,1,0,1,0,1,18
20150327BOSNYK,0021401079,BOS,NYK,BOS,-700,kelly_olynyk,,16:49,2,5,0,2,3,4,+11,2,2,4,1,4,0,2,1,0,7
20150327BOSNYK,0021401079,BOS,NYK,BOS,-700,luigi_datome,,04:39,0,1,0,0,0,0,+4,0,2,2,0,0,0,0,0,0,0
20150327BOSNYK,0021401079,BOS,NYK,BOS,-700,jonas_jerebko,,13:32,2,5,1,3,0,0,+9,0,3,3,1,1,1,2,0,0,5
20150327BOSNYK,0021401079,BOS,NYK,BOS,-700,total,,240,29,69,4,20,34,43,,9,35,44,18,17,6,16,1,2,96
20150327BOSNYK,0021401079,BOS,NYK,NYK,500,lou_amundson,F,21:05,1,6,0,0,0,2,+2,2,7,9,1,4,1,1,0,0,2
20150327BOSNYK,0021401079,BOS,NYK,NYK,500,lance_thomas,F,30:19,3,7,0,1,0,0,+2,1,2,3,2,4,1,2,0,0,6
20150327BOSNYK,0021401079,BOS,NYK,NYK,500,andrea_bargnani,C,38:44,10,20,2,5,3,4,-2,2,5,7,4,2,0,2,2,0,25
20150327BOSNYK,0021401079,BOS,NYK,NYK,500,langston_galloway,G,31:58,3,11,2,6,4,4,+8,0,3,3,6,5,3,1,0,0,12
20150327BOSNYK,0021401079,BOS,NYK,NYK,500,shane_larkin,G,43:46,7,13,0,1,0,1,-1,0,1,1,6,5,1,1,0,0,14
20150327BOSNYK,0021401079,BOS,NYK,NYK,500,cleanthony_early,,28:40,5,13,0,5,2,3,-10,2,3,5,1,5,3,1,0,0,12
20150327BOSNYK,0021401079,BOS,NYK,NYK,500,ricardo_ledo,,20:16,3,7,1,2,0,0,-15,1,2,3,1,2,0,3,0,1,7
20150327BOSNYK,0021401079,BOS,NYK,NYK,500,jason_smith,,12:25,4,6,2,2,0,0,+4,0,3,3,1,2,0,1,0,0,10
20150327BOSNYK,0021401079,BOS,NYK,NYK,500,quincy_acy,,12:48,2,4,0,2,0,0,-8,1,1,2,1,2,0,0,0,0,4
20150327BOSNYK,0021401079,BOS,NYK,NYK,500,total,,240,38,87,7,24,9,14,,9,27,36,23,31,9,12,2,1,92
20150327LALTOR,0021401080,LAL,TOR,LAL,330,wesley_johnson,F,31:32,2,12,0,3,2,2,-3,1,8,9,3,2,1,0,0,1,6
20150327LALTOR,0021401080,LAL,TOR,LAL,330,ryan_kelly,F,31:22,3,8,1,2,0,0,+1,0,1,1,0,3,1,0,0,0,7
20150327LALTOR,0021401080,LAL,TOR,LAL,330,tarik_black,C,22:38,1,4,0,0,5,11,-8,5,5,10,2,4,0,1,0,1,7
20150327LALTOR,0021401080,LAL,TOR,LAL,330,jordan_clarkson,G,33:21,6,14,0,0,2,2,-8,2,2,4,0,2,2,1,0,0,14
20150327LALTOR,0021401080,LAL,TOR,LAL,330,jeremy_lin,G,35:52,6,15,2,5,4,4,+1,1,6,7,5,3,1,4,0,1,18
20150327LALTOR,0021401080,LAL,TOR,LAL,330,wayne_ellington,,26:47,4,13,1,5,0,0,-15,1,1,2,0,0,0,0,0,0,9
20150327LALTOR,0021401080,LAL,TOR,LAL,330,robert_sacre,,24:20,2,7,0,0,3,4,-3,3,2,5,3,3,1,1,1,0,7
20150327LALTOR,0021401080,LAL,TOR,LAL,330,ed_davis,,17:40,3,6,0,0,2,2,-12,3,4,7,1,2,0,2,1,1,8
20150327LALTOR,0021401080,LAL,TOR,LAL,330,jabari_brown,,16:28,2,5,0,2,3,4,-8,0,1,1,0,0,0,3,0,0,7
20150327LALTOR,0021401080,LAL,TOR,LAL,330,total,,240,29,84,4,17,21,29,,16,30,46,14,19,6,12,2,4,83
20150327LALTOR,0021401080,LAL,TOR,TOR,-400,terrence_ross,F,21:49,4,8,2,4,0,0,0,0,1,1,1,0,2,0,1,0,10
20150327LALTOR,0021401080,LAL,TOR,TOR,-400,amir_johnson,F,31:05,5,9,0,0,1,2,+7,0,6,6,0,3,0,1,1,1,11
20150327LALTOR,0021401080,LAL,TOR,TOR,-400,jonas_valanciunas,C,27:09,8,12,0,0,3,4,+2,2,5,7,0,3,0,2,1,0,19
20150327LALTOR,0021401080,LAL,TOR,TOR,-400,demar_derozan,G,40:38,1,10,0,0,4,6,+10,1,9,10,7,4,1,1,0,1,6
20150327LALTOR,0021401080,LAL,TOR,TOR,-400,greivis_vasquez,G,25:51,2,4,1,3,0,0,+10,0,1,1,5,3,0,0,0,0,5
20150327LALTOR,0021401080,LAL,TOR,TOR,-400,patrick_patterson,,22:51,3,7,1,4,0,0,+10,1,4,5,4,1,1,2,1,0,7
20150327LALTOR,0021401080,LAL,TOR,TOR,-400,tyler_hansbrough,,14:55,0,2,0,0,1,2,+3,2,1,3,1,2,0,0,0,0,1
20150327LALTOR,0021401080,LAL,TOR,TOR,-400,louis_williams,,28:06,6,13,3,7,3,3,+6,0,1,1,4,0,2,2,0,0,18
20150327LALTOR,0021401080,LAL,TOR,TOR,-400,james_johnson,,26:11,7,10,0,0,3,4,+11,2,4,6,3,2,2,0,0,0,17
20150327LALTOR,0021401080,LAL,TOR,TOR,-400,bruno_caboclo,,01:25,0,0,0,0,0,0,-4,0,0,0,0,1,0,2,0,0,0
20150327LALTOR,0021401080,LAL,TOR,TOR,-400,total,,240,36,75,7,18,15,21,,8,32,40,25,19,8,10,4,2,94
20150327MINHOU,0021401081,MIN,HOU,MIN,1025,andrew_wiggins,F,41:15,9,17,1,2,12,15,-9,2,2,4,4,1,0,3,0,1,31
20150327MINHOU,0021401081,MIN,HOU,MIN,1025,adreian_payne,F,25:33,6,11,0,0,2,2,-4,0,4,4,4,3,0,1,0,1,14
20150327MINHOU,0021401081,MIN,HOU,MIN,1025,gorgui_dieng,C,38:26,7,11,0,0,4,4,-1,3,9,12,4,1,1,0,1,0,18
20150327MINHOU,0021401081,MIN,HOU,MIN,1025,zach_lavine,G,42:05,2,8,2,3,5,5,+2,0,3,3,8,2,0,5,0,2,11
20150327MINHOU,0021401081,MIN,HOU,MIN,1025,lorenzo_brown,G,36:43,3,11,0,2,0,0,-11,0,2,2,5,2,3,2,0,1,6
20150327MINHOU,0021401081,MIN,HOU,MIN,1025,chase_budinger,,29:12,7,10,3,4,6,6,-7,0,4,4,0,3,0,1,0,1,23
20150327MINHOU,0021401081,MIN,HOU,MIN,1025,sean_kilpatrick,,17:12,2,5,0,2,0,0,-11,0,1,1,0,1,1,0,0,0,4
20150327MINHOU,0021401081,MIN,HOU,MIN,1025,justin_hamilton,,09:34,1,3,0,1,1,2,-9,1,0,1,1,0,1,1,0,0,3
20150327MINHOU,0021401081,MIN,HOU,MIN,1025,total,,240,37,76,6,14,30,34,,6,25,31,26,13,6,13,1,6,110
20150327MINHOU,0021401081,MIN,HOU,HOU,-1600,trevor_ariza,F,42:55,5,12,4,10,0,0,+12,1,4,5,5,4,1,4,0,0,14
20150327MINHOU,0021401081,MIN,HOU,HOU,-1600,josh_smith,F,39:40,6,8,3,5,1,2,+7,4,5,9,11,5,0,6,3,0,16
20150327MINHOU,0021401081,MIN,HOU,HOU,-1600,dwight_howard,C,19:59,8,9,0,0,2,4,+20,1,3,4,0,2,2,0,1,0,18
20150327MINHOU,0021401081,MIN,HOU,HOU,-1600,james_harden,G,36:56,9,19,6,12,9,10,+10,1,3,4,8,4,5,3,0,0,33
20150327MINHOU,0021401081,MIN,HOU,HOU,-1600,jason_terry,G,27:46,6,7,5,6,0,0,+6,0,3,3,4,2,0,0,1,0,17
20150327MINHOU,0021401081,MIN,HOU,HOU,-1600,joey_dorsey,,16:52,3,6,0,0,0,0,-6,2,2,4,1,3,0,1,1,1,6
20150327MINHOU,0021401081,MIN,HOU,HOU,-1600,corey_brewer,,28:30,5,13,1,5,0,1,+8,3,7,10,2,3,1,2,0,0,11
20150327MINHOU,0021401081,MIN,HOU,HOU,-1600,pablo_prigioni,,19:50,1,6,1,6,0,0,+6,1,1,2,3,1,1,1,0,0,3
20150327MINHOU,0021401081,MIN,HOU,HOU,-1600,nick_johnson,,05:34,1,2,0,0,0,0,-8,0,0,0,0,1,0,0,0,0,2
20150327MINHOU,0021401081,MIN,HOU,HOU,-1600,kj_mcdaniels,,01:58,0,1,0,0,0,0,-5,0,0,0,0,1,0,0,0,0,0
20150327MINHOU,0021401081,MIN,HOU,HOU,-1600,total,,240,44,83,20,44,12,17,,13,28,41,34,26,10,17,6,1,120
20150327GSWMEM,0021401082,GSW,MEM,GSW,-165,harrison_barnes,F,23:35,1,2,1,1,0,0,+9,1,4,5,2,2,2,0,0,1,3
20150327GSWMEM,0021401082,GSW,MEM,GSW,-165,draymond_green,F,20:10,5,9,0,1,0,1,+24,0,2,2,3,3,1,2,0,0,10
20150327GSWMEM,0021401082,GSW,MEM,GSW,-165,andrew_bogut,C,27:23,1,2,0,0,0,0,+26,2,6,8,3,0,2,2,0,0,2
20150327GSWMEM,0021401082,GSW,MEM,GSW,-165,klay_thompson,G,26:44,10,17,6,9,2,2,+14,0,2,2,1,2,1,0,0,0,28
20150327GSWMEM,0021401082,GSW,MEM,GSW,-165,stephen_curry,G,34:14,12,22,8,12,6,6,+26,1,2,3,10,3,3,4,1,0,38
20150327GSWMEM,0021401082,GSW,MEM,GSW,-165,david_lee,,16:30,2,3,0,0,2,3,+1,0,0,0,1,1,2,1,0,0,6
20150327GSWMEM,0021401082,GSW,MEM,GSW,-165,andre_iguodala,,24:50,1,11,1,5,0,0,+1,1,5,6,2,1,1,1,0,0,3
20150327GSWMEM,0021401082,GSW,MEM,GSW,-165,leandro_barbosa,,20:02,2,5,0,2,0,0,+9,2,2,4,2,0,1,2,1,0,4
20150327GSWMEM,0021401082,GSW,MEM,GSW,-165,festus_ezeli,,15:08,1,4,0,0,2,2,-2,3,5,8,0,2,0,0,2,1,4
20150327GSWMEM,0021401082,GSW,MEM,GSW,-165,shaun_livingston,,21:28,2,8,0,0,1,2,+1,1,1,2,4,2,1,2,0,0,5
20150327GSWMEM,0021401082,GSW,MEM,GSW,-165,marreese_speights,,05:29,1,4,0,0,0,0,-1,1,0,1,0,0,0,0,1,0,2
20150327GSWMEM,0021401082,GSW,MEM,GSW,-165,james_michael_mcadoo,,02:51,1,2,0,0,0,1,+4,2,0,2,0,0,1,0,0,0,2
20150327GSWMEM,0021401082,GSW,MEM,GSW,-165,justin_holiday,,01:35,0,1,0,1,0,0,+3,0,0,0,0,1,0,0,0,0,0
20150327GSWMEM,0021401082,GSW,MEM,GSW,-165,total,,240,39,90,16,31,13,17,,14,29,43,28,17,15,14,5,2,107
20150327GSWMEM,0021401082,GSW,MEM,MEM,145,tony_allen,F,18:51,2,4,0,0,0,0,-11,2,2,4,1,2,0,0,1,0,4
20150327GSWMEM,0021401082,GSW,MEM,MEM,145,zach_randolph,F,26:59,4,10,0,0,2,2,-23,1,2,3,3,1,1,3,0,0,10
20150327GSWMEM,0021401082,GSW,MEM,MEM,145,marc_gasol,C,29:28,4,10,0,0,5,6,-27,1,4,5,3,4,0,4,0,0,13
20150327GSWMEM,0021401082,GSW,MEM,MEM,145,courtney_lee,G,22:23,1,6,0,1,2,2,-16,0,1,1,0,0,2,1,0,2,4
20150327GSWMEM,0021401082,GSW,MEM,MEM,145,mike_conley,G,32:04,7,13,2,4,0,0,-26,0,3,3,5,4,3,5,0,1,16
20150327GSWMEM,0021401082,GSW,MEM,MEM,145,jeff_green,,32:28,7,12,2,2,0,0,-16,1,7,8,1,1,1,1,0,2,16
20150327GSWMEM,0021401082,GSW,MEM,MEM,145,vince_carter,,22:59,1,4,0,3,0,0,+9,1,5,6,1,2,1,0,0,0,2
20150327GSWMEM,0021401082,GSW,MEM,MEM,145,beno_udrih,,19:26,2,7,0,1,0,0,+2,1,0,1,2,1,0,1,0,0,4
20150327GSWMEM,0021401082,GSW,MEM,MEM,145,kosta_koufos,,14:49,4,6,0,0,1,2,+8,1,4,5,0,2,0,1,1,0,9
20150327GSWMEM,0021401082,GSW,MEM,MEM,145,nick_calathes,,12:00,1,2,0,1,0,0,-3,0,2,2,1,0,1,2,0,0,2
20150327GSWMEM,0021401082,GSW,MEM,MEM,145,jordan_adams,,02:51,1,1,1,1,1,3,-4,0,1,1,1,0,0,0,0,0,4
20150327GSWMEM,0021401082,GSW,MEM,MEM,145,player_code,,02:51,0,0,0,0,0,0,-4,0,1,1,1,0,0,1,0,0,0
20150327GSWMEM,0021401082,GSW,MEM,MEM,145,jon_leuer,,02:51,0,1,0,0,0,0,-4,0,0,0,0,1,0,0,0,0,0
20150327GSWMEM,0021401082,GSW,MEM,MEM,145,total,,240,34,76,5,13,11,15,,8,32,40,19,18,9,19,2,5,84
20150327SACNOP,0021401083,SAC,NOP,SAC,230,omri_casspi,F,23:47,4,8,2,2,0,0,+1,0,1,1,2,2,0,0,0,2,10
20150327SACNOP,0021401083,SAC,NOP,SAC,230,rudy_gay,F,36:46,7,18,1,5,3,4,-3,2,2,4,2,3,1,3,1,2,18
20150327SACNOP,0021401083,SAC,NOP,SAC,230,demarcus_cousins,C,41:00,16,28,0,0,7,12,-1,8,12,20,2,3,1,3,3,2,39
20150327SACNOP,0021401083,SAC,NOP,SAC,230,ben_mclemore,G,30:31,2,9,2,4,1,2,+6,0,4,4,1,1,1,0,0,2,7
20150327SACNOP,0021401083,SAC,NOP,SAC,230,ray_mccallum,G,34:07,1,4,0,1,0,0,+4,0,2,2,5,1,1,1,0,0,2
20150327SACNOP,0021401083,SAC,NOP,SAC,230,jason_thompson,,19:36,0,0,0,0,0,0,-11,0,5,5,0,1,0,0,0,0,0
20150327SACNOP,0021401083,SAC,NOP,SAC,230,derrick_williams,,16:26,1,4,1,1,0,0,-19,0,0,0,1,0,0,0,0,1,3
20150327SACNOP,0021401083,SAC,NOP,SAC,230,nik_stauskas,,19:16,2,4,1,1,0,0,-23,0,1,1,1,1,1,1,0,0,5
20150327SACNOP,0021401083,SAC,NOP,SAC,230,andre_miller,,13:53,2,4,0,1,0,0,-18,0,0,0,0,2,0,3,0,0,4
20150327SACNOP,0021401083,SAC,NOP,SAC,230,reggie_evans,,04:38,0,0,0,0,0,0,-6,0,0,0,0,0,0,0,0,0,0
20150327SACNOP,0021401083,SAC,NOP,SAC,230,total,,240,35,79,7,15,11,18,,10,27,37,14,14,5,11,4,9,88
20150327SACNOP,0021401083,SAC,NOP,NOP,-270,quincy_pondexter,F,35:05,6,11,4,8,0,0,-2,0,5,5,1,1,2,2,0,1,16
20150327SACNOP,0021401083,SAC,NOP,NOP,-270,anthony_davis,F,40:36,11,26,0,0,2,3,+10,2,7,9,2,3,1,2,6,2,24
20150327SACNOP,0021401083,SAC,NOP,NOP,-270,omer_asik,C,35:49,1,2,0,0,2,4,+4,3,9,12,0,1,0,2,1,0,4
20150327SACNOP,0021401083,SAC,NOP,NOP,-270,eric_gordon,G,19:38,2,6,0,3,0,0,-1,0,0,0,4,3,0,2,0,1,4
20150327SACNOP,0021401083,SAC,NOP,NOP,-270,tyreke_evans,G,32:52,10,15,2,4,3,5,+3,1,2,3,10,3,1,3,0,0,25
20150327SACNOP,0021401083,SAC,NOP,NOP,-270,dante_cunningham,,25:54,3,5,0,0,0,0,+21,0,8,8,1,1,0,0,1,0,6
20150327SACNOP,0021401083,SAC,NOP,NOP,-270,norris_cole,,22:48,5,8,2,3,0,0,+14,0,1,1,2,0,0,0,0,0,12
20150327SACNOP,0021401083,SAC,NOP,NOP,-270,alexis_ajinca,,12:11,3,5,0,0,0,0,+10,5,2,7,0,4,1,1,1,0,6
20150327SACNOP,0021401083,SAC,NOP,NOP,-270,toney_douglas,,12:39,2,4,1,2,0,0,+9,0,1,1,5,0,0,0,0,0,5
20150327SACNOP,0021401083,SAC,NOP,NOP,-270,luke_babbitt,,02:29,0,2,0,0,0,0,+2,1,0,1,0,0,0,0,0,0,0
20150327SACNOP,0021401083,SAC,NOP,NOP,-270,total,,240,43,84,9,20,7,12,,12,35,47,25,16,5,12,9,4,102
20150327DALSAS,0021401084,DAL,SAS,DAL,350,chandler_parsons,F,34:48,4,11,1,3,0,0,-2,0,6,6,2,4,3,3,0,0,9
20150327DALSAS,0021401084,DAL,SAS,DAL,350,dirk_nowitzki,F,28:42,3,9,1,1,0,1,-4,0,5,5,4,4,0,1,1,0,7
20150327DALSAS,0021401084,DAL,SAS,DAL,350,tyson_chandler,C,30:02,4,8,0,0,2,5,-13,6,8,14,2,1,0,2,0,3,10
20150327DALSAS,0021401084,DAL,SAS,DAL,350,monta_ellis,G,23:07,5,10,0,3,0,0,+7,0,2,2,1,1,1,0,0,0,10
20150327DALSAS,0021401084,DAL,SAS,DAL,350,rajon_rondo,G,32:02,3,10,0,0,1,1,-1,1,4,5,5,2,1,4,0,0,7
20150327DALSAS,0021401084,DAL,SAS,DAL,350,al-farouq_aminu,,21:01,2,5,1,3,1,2,-22,5,2,7,0,1,1,1,1,0,6
20150327DALSAS,0021401084,DAL,SAS,DAL,350,amare_stoudemire,,15:29,3,7,0,0,2,2,-8,1,2,3,0,3,0,1,1,0,8
20150327DALSAS,0021401084,DAL,SAS,DAL,350,devin_harris,,25:57,3,8,0,3,2,2,-31,0,2,2,0,1,1,4,0,0,8
20150327DALSAS,0021401084,DAL,SAS,DAL,350,raymond_felton,,12:25,2,5,1,3,0,0,-14,0,0,0,0,2,1,1,0,0,5
20150327DALSAS,0021401084,DAL,SAS,DAL,350,richard_jefferson,,07:23,0,2,0,1,0,0,-5,0,1,1,1,2,0,1,0,0,0
20150327DALSAS,0021401084,DAL,SAS,DAL,350,charlie_villanueva,,04:06,1,5,0,1,2,2,-3,2,0,2,0,0,0,0,1,1,4
20150327DALSAS,0021401084,DAL,SAS,DAL,350,bernard_james,,02:29,0,0,0,0,0,0,+3,0,0,0,0,0,1,0,0,0,0
20150327DALSAS,0021401084,DAL,SAS,DAL,350,dwight_powell,,02:29,1,2,0,0,0,0,+3,0,0,0,0,0,0,0,0,0,2
20150327DALSAS,0021401084,DAL,SAS,DAL,350,total,,240,31,82,4,18,10,15,,15,32,47,15,21,9,18,4,4,76
20150327DALSAS,0021401084,DAL,SAS,SAS,-450,kawhi_leonard,F,31:42,4,13,1,4,3,4,+2,1,5,6,3,2,1,5,0,1,12
20150327DALSAS,0021401084,DAL,SAS,SAS,-450,tim_duncan,F,33:39,2,6,0,0,4,4,+5,5,8,13,3,3,0,0,3,0,8
20150327DALSAS,0021401084,DAL,SAS,SAS,-450,tiago_splitter,C,25:18,5,7,0,0,3,4,+7,3,4,7,3,2,1,2,1,0,13
20150327DALSAS,0021401084,DAL,SAS,SAS,-450,daniel_green,G,27:46,5,11,4,9,0,0,+17,0,4,4,4,0,1,1,0,0,14
20150327DALSAS,0021401084,DAL,SAS,SAS,-450,tony_parker,G,27:46,6,14,0,0,0,0,+9,1,5,6,4,4,0,1,0,1,12
20150327DALSAS,0021401084,DAL,SAS,SAS,-450,boris_diaw,,26:03,8,11,3,4,0,0,+24,1,2,3,3,1,0,0,0,0,19
20150327DALSAS,0021401084,DAL,SAS,SAS,-450,marco_belinelli,,17:00,2,6,0,4,0,0,+16,1,4,5,1,3,0,3,0,0,4
20150327DALSAS,0021401084,DAL,SAS,SAS,-450,patrick_mills,,15:26,1,6,1,4,0,0,+17,0,1,1,1,0,2,1,0,0,3
20150327DALSAS,0021401084,DAL,SAS,SAS,-450,emanuel_ginobili,,22:29,2,7,0,1,0,0,+8,1,2,3,6,4,3,0,0,2,4
20150327DALSAS,0021401084,DAL,SAS,SAS,-450,cory_joseph,,04:48,1,2,0,0,1,2,-8,0,1,1,0,0,0,0,0,0,3
20150327DALSAS,0021401084,DAL,SAS,SAS,-450,matt_bonner,,03:05,1,1,0,0,0,0,-1,0,1,1,0,0,0,1,0,0,2
20150327DALSAS,0021401084,DAL,SAS,SAS,-450,jeff_ayres,,02:29,0,0,0,0,0,0,-3,0,0,0,0,0,0,0,0,0,0
20150327DALSAS,0021401084,DAL,SAS,SAS,-450,reggie_williams,,02:29,0,0,0,0,0,0,-3,0,0,0,0,0,0,0,0,0,0
20150327DALSAS,0021401084,DAL,SAS,SAS,-450,total,,240,37,84,9,26,11,14,,13,37,50,28,19,8,14,4,4,94
20150327UTADEN,0021401085,UTA,DEN,UTA,115,joe_ingles,F,30:02,2,10,1,7,1,2,-7,0,0,0,2,2,2,0,1,0,6
20150327UTADEN,0021401085,UTA,DEN,UTA,115,derrick_favors,F,18:38,2,9,0,0,3,6,-15,1,4,5,1,4,0,4,2,1,7
20150327UTADEN,0021401085,UTA,DEN,UTA,115,rudy_gobert,C,34:34,5,7,0,0,4,4,+1,4,10,14,3,0,0,1,1,1,14
20150327UTADEN,0021401085,UTA,DEN,UTA,115,gordon_hayward,G,31:39,9,19,1,7,5,6,-18,0,7,7,3,1,1,2,1,2,24
20150327UTADEN,0021401085,UTA,DEN,UTA,115,dante_exum,G,11:48,0,2,0,1,0,0,-5,1,0,1,0,1,1,1,0,0,0
20150327UTADEN,0021401085,UTA,DEN,UTA,115,trey_burke,,28:26,3,12,0,5,0,0,-1,0,4,4,4,0,1,0,0,0,6
20150327UTADEN,0021401085,UTA,DEN,UTA,115,elijah_millsap,,17:08,6,8,2,2,2,6,-3,1,2,3,0,3,3,3,1,0,16
20150327UTADEN,0021401085,UTA,DEN,UTA,115,trevor_booker,,19:34,2,5,0,1,2,2,-7,5,0,5,5,1,2,0,1,0,6
20150327UTADEN,0021401085,UTA,DEN,UTA,115,christapher_johnson,,16:55,1,3,1,3,3,3,-14,0,0,0,0,1,1,1,0,0,6
20150327UTADEN,0021401085,UTA,DEN,UTA,115,bryce_cotton,,12:36,2,6,0,1,0,0,-8,1,0,1,0,1,0,1,0,0,4
20150327UTADEN,0021401085,UTA,DEN,UTA,115,jeremy_evans,,12:15,0,0,0,0,2,2,-3,1,1,2,2,3,0,0,0,0,2
20150327UTADEN,0021401085,UTA,DEN,UTA,115,jack_cooley,,06:26,0,0,0,0,0,0,0,0,0,0,0,2,1,0,0,0,0
20150327UTADEN,0021401085,UTA,DEN,UTA,115,total,,240,32,81,5,27,22,31,,14,28,42,20,19,12,13,7,4,91
20150327UTADEN,0021401085,UTA,DEN,DEN,-135,wilson_chandler,F,35:26,4,7,1,2,2,2,+16,1,5,6,4,4,2,0,0,0,11
20150327UTADEN,0021401085,UTA,DEN,DEN,-135,danilo_gallinari,F,28:28,4,14,3,8,2,2,+10,1,3,4,0,3,1,2,3,1,13
20150327UTADEN,0021401085,UTA,DEN,DEN,-135,kenneth_faried,C,17:22,1,2,0,0,3,4,+10,2,2,4,1,4,0,1,0,0,5
20150327UTADEN,0021401085,UTA,DEN,DEN,-135,randy_foye,G,22:27,3,7,3,5,0,0,+6,0,3,3,1,0,0,1,0,2,9
20150327UTADEN,0021401085,UTA,DEN,DEN,-135,ty_lawson,G,31:19,7,12,0,0,4,5,+13,0,4,4,9,1,3,4,1,0,18
20150327UTADEN,0021401085,UTA,DEN,DEN,-135,jj_hickson,,21:30,4,7,0,0,1,4,+9,1,2,3,1,1,1,0,0,2,9
20150327UTADEN,0021401085,UTA,DEN,DEN,-135,jameer_nelson,,22:01,7,10,4,5,0,0,+11,1,0,1,3,2,0,3,0,0,18
20150327UTADEN,0021401085,UTA,DEN,DEN,-135,will_barton,,19:54,5,9,2,2,0,0,+6,2,8,10,2,4,0,1,0,2,12
20150327UTADEN,0021401085,UTA,DEN,DEN,-135,jusuf_nurkic,,11:12,1,3,0,0,1,2,-1,0,3,3,0,2,0,2,0,0,3
20150327UTADEN,0021401085,UTA,DEN,DEN,-135,joffrey_lauvergne,,13:08,0,1,0,1,3,4,-3,0,3,3,0,1,0,3,0,0,3
20150327UTADEN,0021401085,UTA,DEN,DEN,-135,gary_harris,,04:34,2,2,0,0,0,0,-3,0,0,0,1,1,1,0,0,0,4
20150327UTADEN,0021401085,UTA,DEN,DEN,-135,erick_green,,12:40,1,2,0,1,0,0,+6,0,0,0,1,0,0,0,0,0,2
20150327UTADEN,0021401085,UTA,DEN,DEN,-135,total,,240,39,76,13,24,16,23,,8,33,41,23,23,8,17,4,7,107
20150327PORPHX,0021401086,POR,PHX,POR,-125,nicolas_batum,F,32:10,1,6,1,4,2,2,+1,1,8,9,5,2,0,4,0,0,5
20150327PORPHX,0021401086,POR,PHX,POR,-125,lamarcus_aldridge,F,35:16,13,26,0,2,1,4,+8,2,7,9,1,2,1,0,1,0,27
20150327PORPHX,0021401086,POR,PHX,POR,-125,robin_lopez,C,29:28,5,6,0,0,2,5,+12,6,4,10,0,4,1,3,1,0,12
20150327PORPHX,0021401086,POR,PHX,POR,-125,arron_afflalo,G,29:59,2,6,0,3,0,0,+6,1,3,4,0,1,0,0,0,0,4
20150327PORPHX,0021401086,POR,PHX,POR,-125,damian_lillard,G,33:17,4,15,2,6,1,2,+6,0,4,4,4,2,0,3,0,0,11
20150327PORPHX,0021401086,POR,PHX,POR,-125,cj_mccollum,,17:56,2,6,1,2,1,4,-3,1,0,1,2,3,0,1,1,1,6
20150327PORPHX,0021401086,POR,PHX,POR,-125,chris_kaman,,18:12,2,8,0,0,0,0,-3,3,8,11,0,3,1,1,0,0,4
20150327PORPHX,0021401086,POR,PHX,POR,-125,dorell_wright,,20:16,3,8,1,5,1,1,+6,0,5,5,1,1,1,0,1,0,8
20150327PORPHX,0021401086,POR,PHX,POR,-125,steve_blake,,16:50,4,8,2,4,0,0,+2,0,0,0,1,0,0,1,0,0,10
20150327PORPHX,0021401086,POR,PHX,POR,-125,joel_freeland,,06:36,0,0,0,0,0,0,-5,1,0,1,1,0,0,0,0,0,0
20150327PORPHX,0021401086,POR,PHX,POR,-125,total,,240,36,89,7,26,8,18,,15,39,54,15,18,4,13,4,1,87
20150327PORPHX,0021401086,POR,PHX,PHX,105,marcus_morris,F,44:00,8,19,3,9,0,0,-10,0,12,12,3,3,1,1,0,0,19
20150327PORPHX,0021401086,POR,PHX,PHX,105,markieff_morris,F,36:35,6,16,1,2,2,2,0,3,6,9,1,3,1,5,0,2,15
20150327PORPHX,0021401086,POR,PHX,PHX,105,alex_len,C,29:49,3,5,0,0,0,0,-10,2,3,5,0,4,0,1,0,0,6
20150327PORPHX,0021401086,POR,PHX,PHX,105,pj_tucker,G,37:26,3,7,0,1,0,0,-15,2,4,6,0,3,2,2,0,1,6
20150327PORPHX,0021401086,POR,PHX,PHX,105,eric_bledsoe,G,38:26,5,20,0,4,3,3,-3,1,2,3,7,1,1,0,0,0,13
20150327PORPHX,0021401086,POR,PHX,PHX,105,archie_goodwin,,18:59,2,7,0,0,4,4,-2,3,3,6,1,2,0,3,0,1,8
20150327PORPHX,0021401086,POR,PHX,PHX,105,brandan_wright,,18:11,1,3,0,0,0,0,+4,0,2,2,0,1,0,0,1,0,2
20150327PORPHX,0021401086,POR,PHX,PHX,105,aj_price,,03:36,0,1,0,0,0,0,-1,0,0,0,1,0,0,0,0,0,0
20150327PORPHX,0021401086,POR,PHX,PHX,105,gerald_green,,12:58,4,9,2,4,2,3,+7,0,5,5,1,2,0,1,0,0,12
20150327PORPHX,0021401086,POR,PHX,PHX,105,total,,240,32,87,6,20,11,12,,11,37,48,14,19,5,13,1,4,81
20150328ATLCHA,0021401087,ATL,CHA,ATL,220,kent_bazemore,F,33:29,7,14,3,7,3,4,-7,0,5,5,2,3,1,2,0,1,20
20150328ATLCHA,0021401087,ATL,CHA,ATL,220,mike_muscala,F,34:23,7,13,2,2,2,2,+10,3,7,10,4,0,1,2,2,1,18
20150328ATLCHA,0021401087,ATL,CHA,ATL,220,elton_brand,C,27:57,4,8,0,0,1,2,-25,1,5,6,1,2,0,1,2,2,9
20150328ATLCHA,0021401087,ATL,CHA,ATL,220,john_jenkins,G,33:31,6,12,3,6,1,2,-19,0,1,1,3,2,2,0,0,0,16
20150328ATLCHA,0021401087,ATL,CHA,ATL,220,dennis_schroder,G,25:06,5,12,3,3,4,4,-13,2,2,4,11,2,0,2,0,1,17
20150328ATLCHA,0021401087,ATL,CHA,ATL,220,shelvin_mack,,25:52,2,10,1,4,0,0,-12,0,1,1,8,0,0,1,0,1,5
20150328ATLCHA,0021401087,ATL,CHA,ATL,220,pero_antic,,20:41,1,3,1,2,0,0,-8,0,2,2,0,2,2,0,0,0,3
20150328ATLCHA,0021401087,ATL,CHA,ATL,220,thabo_sefolosha,,22:54,1,7,1,3,0,0,+1,1,4,5,2,2,0,2,0,0,3
20150328ATLCHA,0021401087,ATL,CHA,ATL,220,austin_daye,,16:07,4,7,1,3,0,0,-2,0,2,2,1,4,0,0,0,0,9
20150328ATLCHA,0021401087,ATL,CHA,ATL,220,total,,240,37,86,15,30,11,14,,7,29,36,32,17,6,10,4,6,100
20150328ATLCHA,0021401087,ATL,CHA,CHA,-260,jeff_taylor,F,27:03,3,6,0,3,3,4,+10,0,2,2,2,1,0,0,0,0,9
20150328ATLCHA,0021401087,ATL,CHA,CHA,-260,marvin_williams,F,36:24,6,14,3,9,2,2,+21,1,4,5,3,0,2,0,0,0,17
20150328ATLCHA,0021401087,ATL,CHA,CHA,-260,al_jefferson,C,17:18,1,5,0,0,0,0,+5,2,4,6,2,0,0,0,2,1,2
20150328ATLCHA,0021401087,ATL,CHA,CHA,-260,gerald_henderson,G,29:38,9,10,2,2,0,0,+16,0,5,5,4,2,0,1,0,0,20
20150328ATLCHA,0021401087,ATL,CHA,CHA,-260,kemba_walker,G,34:07,7,19,1,4,6,7,+13,1,4,5,6,2,0,1,0,3,21
20150328ATLCHA,0021401087,ATL,CHA,CHA,-260,bismack_biyombo,,30:42,3,6,0,0,3,3,+10,2,9,11,1,2,0,1,3,0,9
20150328ATLCHA,0021401087,ATL,CHA,CHA,-260,pj_hairston,,19:35,4,4,2,2,2,2,+1,0,2,2,0,0,2,0,0,0,12
20150328ATLCHA,0021401087,ATL,CHA,CHA,-260,lance_stephenson,,07:51,2,5,0,1,1,2,-2,0,2,2,1,1,0,0,0,0,5
20150328ATLCHA,0021401087,ATL,CHA,CHA,-260,maurice_williams,,22:08,6,9,4,5,2,2,+7,0,1,1,4,3,0,4,0,0,18
20150328ATLCHA,0021401087,ATL,CHA,CHA,-260,jason_maxiell,,11:36,1,2,0,0,0,0,-6,1,2,3,4,3,0,1,1,0,2
20150328ATLCHA,0021401087,ATL,CHA,CHA,-260,brian_roberts,,03:38,0,0,0,0,0,0,0,0,0,0,1,2,0,0,0,0,0
20150328ATLCHA,0021401087,ATL,CHA,CHA,-260,total,,240,42,80,12,26,19,22,,7,35,42,28,16,4,8,6,4,115
20150328NYKCHI,0021401088,NYK,CHI,NYK,0,lou_amundson,F,17:57,1,3,0,0,0,0,-15,1,2,3,0,1,0,2,3,1,2
20150328NYKCHI,0021401088,NYK,CHI,NYK,0,lance_thomas,F,31:21,3,8,1,1,0,0,-22,0,0,0,1,3,1,3,1,1,7
20150328NYKCHI,0021401088,NYK,CHI,NYK,0,andrea_bargnani,C,26:24,7,15,0,1,0,0,-22,1,6,7,1,1,0,3,0,0,14
20150328NYKCHI,0021401088,NYK,CHI,NYK,0,langston_galloway,G,36:04,5,14,1,4,1,2,-28,1,4,5,2,3,0,0,0,0,12
20150328NYKCHI,0021401088,NYK,CHI,NYK,0,shane_larkin,G,31:19,2,8,0,2,2,2,-18,0,2,2,8,0,0,0,0,1,6
20150328NYKCHI,0021401088,NYK,CHI,NYK,0,cole_aldrich,,19:55,2,4,0,0,4,4,-8,1,5,6,3,1,1,1,2,0,8
20150328NYKCHI,0021401088,NYK,CHI,NYK,0,ricardo_ledo,,28:40,4,10,1,4,2,4,-16,1,2,3,1,2,2,2,0,0,11
20150328NYKCHI,0021401088,NYK,CHI,NYK,0,jason_smith,,17:49,0,4,0,0,2,2,-17,2,3,5,2,2,0,1,1,0,2
20150328NYKCHI,0021401088,NYK,CHI,NYK,0,cleanthony_early,,18:02,3,6,1,3,2,2,-9,1,0,1,3,5,2,1,0,1,9
20150328NYKCHI,0021401088,NYK,CHI,NYK,0,quincy_acy,,12:29,3,7,0,2,3,3,0,1,2,3,1,0,1,0,0,1,9
20150328NYKCHI,0021401088,NYK,CHI,NYK,0,total,,240,30,79,4,17,16,19,,9,26,35,22,18,7,13,7,5,80
20150328NYKCHI,0021401088,NYK,CHI,CHI,-9900,mike_dunleavy,F,25:40,4,9,1,2,1,1,+23,2,3,5,1,0,1,0,0,0,10
20150328NYKCHI,0021401088,NYK,CHI,CHI,-9900,pau_gasol,F,27:33,8,15,0,1,3,5,+27,2,10,12,4,0,0,3,0,0,19
20150328NYKCHI,0021401088,NYK,CHI,CHI,-9900,joakim_noah,C,23:29,3,7,0,0,0,0,+10,1,6,7,2,2,0,1,1,2,6
20150328NYKCHI,0021401088,NYK,CHI,CHI,-9900,jimmy_butler,G,25:38,5,9,0,0,8,8,+22,1,2,3,4,0,5,0,1,2,18
20150328NYKCHI,0021401088,NYK,CHI,CHI,-9900,aaron_brooks,G,26:05,5,9,2,3,0,0,+22,0,1,1,5,1,1,0,0,0,12
20150328NYKCHI,0021401088,NYK,CHI,CHI,-9900,taj_gibson,,23:45,6,8,0,0,2,2,+15,2,7,9,0,3,0,3,1,1,14
20150328NYKCHI,0021401088,NYK,CHI,CHI,-9900,kirk_hinrich,,20:41,0,2,0,2,0,0,+16,0,0,0,3,1,0,0,0,0,0
20150328NYKCHI,0021401088,NYK,CHI,CHI,-9900,nikola_mirotic,,25:42,8,15,3,7,5,6,+19,2,4,6,2,4,1,2,1,1,24
20150328NYKCHI,0021401088,NYK,CHI,CHI,-9900,tony_snell,,24:29,3,7,0,2,0,0,+9,2,4,6,5,2,0,2,0,1,6
20150328NYKCHI,0021401088,NYK,CHI,CHI,-9900,etwaun_moore,,08:19,1,2,0,0,0,0,-2,0,0,0,2,1,0,1,0,0,2
20150328NYKCHI,0021401088,NYK,CHI,CHI,-9900,nazr_mohammed,,05:56,0,1,0,0,0,0,-2,0,2,2,0,2,0,0,1,0,0
20150328NYKCHI,0021401088,NYK,CHI,CHI,-9900,cameron_bairstow,,02:43,0,0,0,0,0,0,-4,0,0,0,0,0,0,0,0,0,0
20150328NYKCHI,0021401088,NYK,CHI,CHI,-9900,total,,240,43,84,6,17,19,22,,12,39,51,28,16,8,12,5,7,111
20150328GSWMIL,0021401089,GSW,MIL,GSW,-200,harrison_barnes,F,26:04,4,8,2,3,3,5,-3,0,6,6,0,4,1,2,0,0,13
20150328GSWMIL,0021401089,GSW,MIL,GSW,-200,david_lee,F,20:41,6,8,0,0,0,0,+10,1,3,4,1,1,0,2,0,1,12
20150328GSWMIL,0021401089,GSW,MIL,GSW,-200,andrew_bogut,C,18:44,2,3,0,0,0,0,+5,1,5,6,1,2,0,2,3,0,4
20150328GSWMIL,0021401089,GSW,MIL,GSW,-200,klay_thompson,G,34:04,8,17,3,8,2,2,+30,1,4,5,4,3,2,2,1,1,21
20150328GSWMIL,0021401089,GSW,MIL,GSW,-200,stephen_curry,G,30:24,8,13,6,9,3,3,-1,0,4,4,6,4,1,6,0,0,25
20150328GSWMIL,0021401089,GSW,MIL,GSW,-200,brandon_rush,,17:30,0,4,0,1,0,0,-14,0,2,2,0,4,0,0,0,1,0
20150328GSWMIL,0021401089,GSW,MIL,GSW,-200,justin_holiday,,08:29,1,3,1,3,0,0,-3,0,1,1,2,0,1,0,1,0,3
20150328GSWMIL,0021401089,GSW,MIL,GSW,-200,james_michael_mcadoo,,22:45,5,8,0,0,2,2,+3,1,3,4,0,1,0,2,3,2,12
20150328GSWMIL,0021401089,GSW,MIL,GSW,-200,shaun_livingston,,24:34,2,5,0,0,0,0,+19,0,2,2,8,1,0,1,0,0,4
20150328GSWMIL,0021401089,GSW,MIL,GSW,-200,marreese_speights,,19:58,5,11,0,1,2,2,+13,2,5,7,3,2,1,3,0,0,12
20150328GSWMIL,0021401089,GSW,MIL,GSW,-200,leandro_barbosa,,13:48,1,2,0,0,0,0,+8,0,3,3,1,1,1,1,0,0,2
20150328GSWMIL,0021401089,GSW,MIL,GSW,-200,festus_ezeli,,02:59,0,0,0,0,0,0,-2,1,0,1,1,0,0,1,0,0,0
20150328GSWMIL,0021401089,GSW,MIL,GSW,-200,total,,240,42,82,12,25,12,14,,7,38,45,27,23,7,22,8,5,108
20150328GSWMIL,0021401089,GSW,MIL,MIL,170,giannis_antetokounmpo,F,29:59,4,6,0,0,4,6,-10,1,2,3,1,3,1,2,0,1,12
20150328GSWMIL,0021401089,GSW,MIL,MIL,170,ersan_ilyasova,F,23:24,1,10,0,5,6,6,0,1,6,7,1,1,1,0,0,1,8
20150328GSWMIL,0021401089,GSW,MIL,MIL,170,zaza_pachulia,C,22:50,5,11,0,0,2,2,-7,1,2,3,1,1,0,1,1,1,12
20150328GSWMIL,0021401089,GSW,MIL,MIL,170,khris_middleton,G,27:24,5,14,0,3,4,4,-9,1,1,2,3,0,2,2,0,1,14
20150328GSWMIL,0021401089,GSW,MIL,MIL,170,michael_carter-williams,G,21:31,3,9,0,0,2,2,-11,1,0,1,3,3,2,3,0,0,8
20150328GSWMIL,0021401089,GSW,MIL,MIL,170,jerryd_bayless,,26:51,2,8,0,1,3,3,-4,1,5,6,5,2,2,2,0,0,7
20150328GSWMIL,0021401089,GSW,MIL,MIL,170,john_henson,,20:07,3,9,0,0,2,4,+1,7,3,10,0,3,1,1,4,2,8
20150328GSWMIL,0021401089,GSW,MIL,MIL,170,oj_mayo,,20:14,2,6,1,3,3,3,-7,0,2,2,5,3,1,1,0,0,8
20150328GSWMIL,0021401089,GSW,MIL,MIL,170,jared_dudley,,24:36,6,10,1,3,0,0,-13,2,3,5,0,2,2,2,0,1,13
20150328GSWMIL,0021401089,GSW,MIL,MIL,170,miles_plumlee,,05:03,0,0,0,0,0,0,-7,0,1,1,1,0,0,0,0,0,0
20150328GSWMIL,0021401089,GSW,MIL,MIL,170,tyler_ennis,,18:01,2,4,0,0,1,2,+2,0,2,2,4,2,2,1,0,1,5
20150328GSWMIL,0021401089,GSW,MIL,MIL,170,total,,240,33,87,2,15,27,32,,15,27,42,24,20,14,15,5,8,95
20150328OKCUTA,0021401090,OKC,UTA,OKC,210,kyle_singler,F,24:26,0,3,0,0,0,0,-7,0,4,4,0,3,1,1,0,2,0
20150328OKCUTA,0021401090,OKC,UTA,OKC,210,enes_kanter,F,34:29,7,13,0,0,4,6,-7,4,7,11,1,5,0,4,2,0,18
20150328OKCUTA,0021401090,OKC,UTA,OKC,210,steven_adams,C,23:04,2,6,0,0,1,5,+2,5,9,14,2,4,1,1,1,1,5
20150328OKCUTA,0021401090,OKC,UTA,OKC,210,dion_waiters,G,24:07,1,4,0,0,1,3,-11,0,2,2,2,1,1,2,0,0,3
20150328OKCUTA,0021401090,OKC,UTA,OKC,210,russell_westbrook,G,40:48,12,29,3,9,10,12,0,1,7,8,6,4,0,9,0,4,37
20150328OKCUTA,0021401090,OKC,UTA,OKC,210,mitch_mcgary,,16:02,4,5,0,0,0,0,+3,0,1,1,0,5,0,2,0,1,8
20150328OKCUTA,0021401090,OKC,UTA,OKC,210,dj_augustin,,28:34,2,6,1,4,1,2,+2,0,3,3,1,0,0,1,0,0,6
20150328OKCUTA,0021401090,OKC,UTA,OKC,210,perry_jones,,10:18,0,1,0,0,0,0,+5,0,1,1,0,0,2,1,0,0,0
20150328OKCUTA,0021401090,OKC,UTA,OKC,210,anthony_morrow,,28:35,3,5,2,3,4,4,-1,0,4,4,2,5,0,2,1,0,12
20150328OKCUTA,0021401090,OKC,UTA,OKC,210,steve_novak,,09:37,0,1,0,0,0,0,-11,0,0,0,0,2,0,0,0,0,0
20150328OKCUTA,0021401090,OKC,UTA,OKC,210,total,,240,31,73,6,16,21,32,,10,38,48,14,29,5,23,4,8,89
20150328OKCUTA,0021401090,OKC,UTA,UTA,-250,gordon_hayward,F,38:28,4,16,0,6,9,12,-1,1,4,5,5,3,2,4,2,0,17
20150328OKCUTA,0021401090,OKC,UTA,UTA,-250,trevor_booker,F,32:41,4,9,1,1,3,5,-2,2,1,3,0,5,1,0,0,0,12
20150328OKCUTA,0021401090,OKC,UTA,UTA,-250,rudy_gobert,C,41:00,3,6,0,0,7,10,+6,7,8,15,1,5,3,0,4,2,13
20150328OKCUTA,0021401090,OKC,UTA,UTA,-250,rodney_hood,G,28:41,3,8,1,4,0,1,+1,0,3,3,0,2,1,1,1,0,7
20150328OKCUTA,0021401090,OKC,UTA,UTA,-250,dante_exum,G,18:44,2,8,2,5,0,0,+4,0,1,1,0,4,0,2,0,0,6
20150328OKCUTA,0021401090,OKC,UTA,UTA,-250,trey_burke,,33:02,8,23,1,8,5,7,+5,1,5,6,4,3,4,2,0,1,22
20150328OKCUTA,0021401090,OKC,UTA,UTA,-250,jack_cooley,,04:24,1,1,0,0,0,0,-6,1,1,2,0,2,0,1,0,0,2
20150328OKCUTA,0021401090,OKC,UTA,UTA,-250,elijah_millsap,,05:56,0,2,0,1,0,0,-4,0,0,0,0,1,1,0,1,1,0
20150328OKCUTA,0021401090,OKC,UTA,UTA,-250,joe_ingles,,15:03,3,4,0,1,0,0,+7,1,0,1,2,2,1,1,0,0,6
20150328OKCUTA,0021401090,OKC,UTA,UTA,-250,christapher_johnson,,14:44,2,5,1,3,0,0,+8,1,2,3,0,2,1,0,0,0,5
20150328OKCUTA,0021401090,OKC,UTA,UTA,-250,jeremy_evans,,07:17,2,2,0,0,0,0,+7,2,1,3,0,0,0,0,0,0,4
20150328OKCUTA,0021401090,OKC,UTA,UTA,-250,total,,240,32,84,6,29,24,35,,16,26,42,12,29,14,11,8,4,94
20150328DENPOR,0021401091,DEN,POR,DEN,350,wilson_chandler,F,39:19,5,12,1,5,2,2,0,0,8,8,5,3,2,1,0,0,13
20150328DENPOR,0021401091,DEN,POR,DEN,350,jj_hickson,F,26:26,4,9,0,0,1,2,-8,4,4,8,2,1,3,2,0,1,9
20150328DENPOR,0021401091,DEN,POR,DEN,350,kenneth_faried,C,25:39,3,10,0,0,8,9,+2,6,4,10,0,4,1,1,0,1,14
20150328DENPOR,0021401091,DEN,POR,DEN,350,randy_foye,G,22:59,6,11,4,8,1,1,-2,0,0,0,1,1,1,2,0,0,17
20150328DENPOR,0021401091,DEN,POR,DEN,350,ty_lawson,G,34:34,3,11,0,0,7,8,+1,0,1,1,7,0,1,3,0,0,13
20150328DENPOR,0021401091,DEN,POR,DEN,350,joffrey_lauvergne,,11:07,1,5,0,0,0,0,-16,0,2,2,1,2,0,0,0,2,2
20150328DENPOR,0021401091,DEN,POR,DEN,350,will_barton,,24:54,6,8,0,1,0,0,-4,0,7,7,3,3,1,1,1,1,12
20150328DENPOR,0021401091,DEN,POR,DEN,350,jusuf_nurkic,,19:14,5,5,0,0,0,0,-1,0,1,1,0,3,1,0,0,0,10
20150328DENPOR,0021401091,DEN,POR,DEN,350,jameer_nelson,,25:03,9,18,4,8,0,0,+2,1,1,2,5,2,1,1,0,0,22
20150328DENPOR,0021401091,DEN,POR,DEN,350,gary_harris,,10:32,1,2,0,1,0,0,-2,0,0,0,0,1,1,0,0,0,2
20150328DENPOR,0021401091,DEN,POR,DEN,350,erick_green,,00:14,0,1,0,1,0,0,-2,0,0,0,0,0,0,0,0,0,0
20150328DENPOR,0021401091,DEN,POR,DEN,350,total,,240,43,92,9,24,19,22,,11,28,39,24,20,12,11,1,5,114
20150328DENPOR,0021401091,DEN,POR,POR,-450,nicolas_batum,F,37:21,6,8,3,5,0,0,-2,0,2,2,7,1,2,1,0,0,15
20150328DENPOR,0021401091,DEN,POR,POR,-450,lamarcus_aldridge,F,34:36,13,20,1,2,5,6,+15,0,11,11,2,1,0,2,0,0,32
20150328DENPOR,0021401091,DEN,POR,POR,-450,robin_lopez,C,29:44,3,6,0,0,6,6,+2,3,5,8,1,2,0,1,2,0,12
20150328DENPOR,0021401091,DEN,POR,POR,-450,arron_afflalo,G,29:20,8,11,1,1,4,4,+12,0,5,5,0,4,2,4,0,0,21
20150328DENPOR,0021401091,DEN,POR,POR,-450,damian_lillard,G,29:34,4,11,0,3,0,0,+5,0,3,3,10,4,1,3,0,0,8
20150328DENPOR,0021401091,DEN,POR,POR,-450,cj_mccollum,,19:06,4,6,1,2,0,0,-10,0,2,2,0,0,1,0,0,0,9
20150328DENPOR,0021401091,DEN,POR,POR,-450,dorell_wright,,19:52,1,5,0,1,1,2,+7,1,2,3,2,3,0,0,1,0,3
20150328DENPOR,0021401091,DEN,POR,POR,-450,chris_kaman,,17:11,7,12,0,0,0,0,+3,4,5,9,2,2,0,3,2,1,14
20150328DENPOR,0021401091,DEN,POR,POR,-450,steve_blake,,18:00,2,5,2,4,0,0,+5,0,1,1,5,0,2,2,0,0,6
20150328DENPOR,0021401091,DEN,POR,POR,-450,joel_freeland,,05:16,0,1,0,0,0,0,-7,0,1,1,0,1,0,0,0,0,0
20150328DENPOR,0021401091,DEN,POR,POR,-450,total,,240,48,85,8,18,16,18,,8,37,45,29,18,8,16,5,1,120
20150329PHICLE,0021401092,PHI,CLE,PHI,1800,jerami_grant,F,21:35,0,4,0,2,2,4,-6,0,2,2,0,2,0,2,0,0,2
20150329PHICLE,0021401092,PHI,CLE,PHI,1800,nerlens_noel,F,34:16,4,12,0,0,0,0,+4,1,10,11,3,4,2,2,0,0,8
20150329PHICLE,0021401092,PHI,CLE,PHI,1800,furkan_aldemir,C,26:33,5,6,0,1,1,2,+5,7,3,10,0,2,1,0,0,0,11
20150329PHICLE,0021401092,PHI,CLE,PHI,1800,robert_covington,G,31:13,7,13,5,9,0,2,+4,0,4,4,1,5,1,1,0,1,19
20150329PHICLE,0021401092,PHI,CLE,PHI,1800,ish_smith,G,30:30,5,16,0,4,1,1,-3,1,4,5,7,0,1,4,0,0,11
20150329PHICLE,0021401092,PHI,CLE,PHI,1800,luc_mbah_a_moute,,25:23,2,8,1,3,3,4,-1,0,4,4,1,0,3,0,0,1,8
20150329PHICLE,0021401092,PHI,CLE,PHI,1800,jakarr_sampson,,16:48,4,7,1,2,0,0,-5,0,3,3,1,1,0,0,0,0,9
20150329PHICLE,0021401092,PHI,CLE,PHI,1800,hollis_thompson,,23:43,3,5,1,2,0,0,0,0,3,3,0,2,2,0,0,0,7
20150329PHICLE,0021401092,PHI,CLE,PHI,1800,isaiah_canaan,,17:29,3,11,2,7,0,0,+2,0,1,1,5,2,1,3,0,0,8
20150329PHICLE,0021401092,PHI,CLE,PHI,1800,henry_sims,,12:30,1,2,0,0,1,2,-5,2,0,2,0,3,0,1,0,0,3
20150329PHICLE,0021401092,PHI,CLE,PHI,1800,total,,240,34,84,10,30,8,15,,11,34,45,18,21,11,13,0,2,86
20150329PHICLE,0021401092,PHI,CLE,CLE,-4000,lebron_james,F,37:53,8,24,1,4,3,6,-4,2,9,11,6,0,0,5,1,0,20
20150329PHICLE,0021401092,PHI,CLE,CLE,-4000,kevin_love,F,30:58,4,10,2,5,0,1,+11,3,7,10,1,1,2,2,1,0,10
20150329PHICLE,0021401092,PHI,CLE,CLE,-4000,timofey_mozgov,C,32:30,6,9,0,0,2,2,-4,5,5,10,1,4,0,2,0,0,14
20150329PHICLE,0021401092,PHI,CLE,CLE,-4000,jr_smith,G,37:25,3,8,3,7,0,0,-1,1,2,3,2,1,0,0,0,0,9
20150329PHICLE,0021401092,PHI,CLE,CLE,-4000,kyrie_irving,G,38:15,7,18,1,2,2,3,+3,0,3,3,4,1,2,5,0,0,17
20150329PHICLE,0021401092,PHI,CLE,CLE,-4000,iman_shumpert,,10:58,2,7,2,2,3,4,+6,0,1,1,0,0,3,0,0,0,9
20150329PHICLE,0021401092,PHI,CLE,CLE,-4000,tristan_t_thompson,,19:42,2,5,0,0,2,2,0,4,5,9,0,1,0,1,0,0,6
20150329PHICLE,0021401092,PHI,CLE,CLE,-4000,matthew_dellavedova,,20:09,0,2,0,2,0,0,-1,1,2,3,2,2,0,0,0,0,0
20150329PHICLE,0021401092,PHI,CLE,CLE,-4000,james_jones,,05:52,0,1,0,1,0,0,-4,0,0,0,0,1,0,0,0,0,0
20150329PHICLE,0021401092,PHI,CLE,CLE,-4000,shawn_marion,,06:18,1,1,0,0,0,0,-1,2,1,3,1,1,0,2,0,0,2
20150329PHICLE,0021401092,PHI,CLE,CLE,-4000,total,,240,33,85,9,23,12,18,,18,35,53,17,12,7,17,2,0,87
20150329LALBKN,0021401093,LAL,BKN,LAL,290,wesley_johnson,F,35:04,8,16,1,4,0,0,-10,1,4,5,3,1,0,1,1,1,17
20150329LALBKN,0021401093,LAL,BKN,LAL,290,ryan_kelly,F,35:45,2,5,0,2,2,2,-9,0,2,2,6,3,2,1,1,0,6
20150329LALBKN,0021401093,LAL,BKN,LAL,290,tarik_black,C,26:19,4,8,0,0,0,0,-13,2,3,5,2,3,0,1,0,1,8
20150329LALBKN,0021401093,LAL,BKN,LAL,290,jordan_clarkson,G,35:27,7,14,1,3,3,4,-5,0,6,6,7,3,0,2,0,0,18
20150329LALBKN,0021401093,LAL,BKN,LAL,290,wayne_ellington,G,29:40,5,12,3,4,0,0,-12,1,4,5,2,1,0,2,0,2,13
20150329LALBKN,0021401093,LAL,BKN,LAL,290,jabari_brown,,30:53,4,14,1,5,2,2,+1,0,4,4,3,0,4,2,1,1,11
20150329LALBKN,0021401093,LAL,BKN,LAL,290,robert_sacre,,19:46,2,5,0,0,0,0,+4,0,0,0,1,0,1,1,0,0,4
20150329LALBKN,0021401093,LAL,BKN,LAL,290,jordan_hill,,27:06,10,17,0,0,2,3,+4,5,11,16,1,3,0,1,1,1,22
20150329LALBKN,0021401093,LAL,BKN,LAL,290,total,,240,42,91,6,18,9,11,,9,34,43,25,14,7,11,4,6,99
20150329LALBKN,0021401093,LAL,BKN,BKN,-350,joe_johnson,F,35:36,7,14,3,8,1,1,+12,1,7,8,7,1,2,1,0,0,18
20150329LALBKN,0021401093,LAL,BKN,BKN,-350,mason_plumlee,F,23:09,2,3,0,0,3,4,-4,0,5,5,3,0,1,0,0,0,7
20150329LALBKN,0021401093,LAL,BKN,BKN,-350,brook_lopez,C,40:18,13,22,0,0,4,8,+12,3,8,11,1,0,0,0,4,2,30
20150329LALBKN,0021401093,LAL,BKN,BKN,-350,markel_brown,G,36:08,6,11,2,7,3,4,+19,0,4,4,4,1,2,0,0,0,17
20150329LALBKN,0021401093,LAL,BKN,BKN,-350,deron_williams,G,33:37,5,13,1,4,2,2,+16,0,1,1,9,1,3,3,0,0,13
20150329LALBKN,0021401093,LAL,BKN,BKN,-350,earl_clark,,19:46,2,10,0,5,0,0,-6,1,7,8,0,2,0,1,2,0,4
20150329LALBKN,0021401093,LAL,BKN,BKN,-350,alan_anderson,,28:26,3,6,1,2,2,2,+8,0,3,3,3,1,2,0,0,1,9
20150329LALBKN,0021401093,LAL,BKN,BKN,-350,jarrett_jack,,14:23,3,4,1,1,0,0,-8,0,2,2,2,1,1,3,0,0,7
20150329LALBKN,0021401093,LAL,BKN,BKN,-350,bojan_bogdanovic,,08:37,1,4,0,1,0,0,-9,1,0,1,0,2,0,0,0,1,2
20150329LALBKN,0021401093,LAL,BKN,BKN,-350,total,,240,42,87,8,28,15,21,,6,37,43,29,9,11,8,6,4,107
20150329MINNOP,0021401094,MIN,NOP,MIN,800,andrew_wiggins,F,38:51,6,15,0,1,8,9,-3,1,5,6,2,5,0,5,0,4,20
20150329MINNOP,0021401094,MIN,NOP,MIN,800,adreian_payne,F,35:46,7,14,0,0,0,0,-9,3,8,11,1,2,2,4,0,0,14
20150329MINNOP,0021401094,MIN,NOP,MIN,800,gorgui_dieng,C,09:06,0,1,0,0,0,0,-10,0,3,3,0,1,0,0,3,1,0
20150329MINNOP,0021401094,MIN,NOP,MIN,800,zach_lavine,G,37:31,6,16,1,5,4,5,-22,1,3,4,1,2,1,6,0,0,17
20150329MINNOP,0021401094,MIN,NOP,MIN,800,lorenzo_brown,G,36:00,3,6,0,1,2,2,-23,0,3,3,8,2,0,4,0,1,8
20150329MINNOP,0021401094,MIN,NOP,MIN,800,chase_budinger,,30:28,3,9,0,2,4,4,-15,3,2,5,2,0,0,0,0,2,10
20150329MINNOP,0021401094,MIN,NOP,MIN,800,justin_hamilton,,23:15,5,6,1,1,0,0,-7,4,1,5,0,1,1,0,1,1,11
20150329MINNOP,0021401094,MIN,NOP,MIN,800,robbie_hummel,,17:32,2,4,0,1,2,2,-14,0,1,1,1,3,0,1,0,0,6
20150329MINNOP,0021401094,MIN,NOP,MIN,800,anthony_bennett,,11:30,0,4,0,1,2,2,-7,0,1,1,2,1,1,1,0,0,2
20150329MINNOP,0021401094,MIN,NOP,MIN,800,total,,240,32,75,2,12,22,24,,12,27,39,17,17,5,21,4,9,88
20150329MINNOP,0021401094,MIN,NOP,NOP,-1200,quincy_pondexter,F,20:45,3,4,2,3,2,2,+2,0,1,1,0,4,0,1,2,0,10
20150329MINNOP,0021401094,MIN,NOP,NOP,-1200,anthony_davis,F,37:23,10,21,0,0,8,10,+19,2,7,9,5,3,2,0,1,2,28
20150329MINNOP,0021401094,MIN,NOP,NOP,-1200,omer_asik,C,25:17,7,9,0,0,1,2,+13,3,3,6,1,3,0,2,0,1,15
20150329MINNOP,0021401094,MIN,NOP,NOP,-1200,eric_gordon,G,30:15,5,8,1,3,1,2,+10,0,3,3,7,2,1,4,0,0,12
20150329MINNOP,0021401094,MIN,NOP,NOP,-1200,tyreke_evans,G,22:52,4,6,1,1,0,0,+17,0,3,3,5,1,2,2,1,1,9
20150329MINNOP,0021401094,MIN,NOP,NOP,-1200,dante_cunningham,,30:11,3,6,0,0,0,0,+16,1,2,3,1,3,2,1,2,0,6
20150329MINNOP,0021401094,MIN,NOP,NOP,-1200,norris_cole,,26:42,4,7,0,2,2,4,+6,0,1,1,3,1,0,2,0,0,10
20150329MINNOP,0021401094,MIN,NOP,NOP,-1200,alexis_ajinca,,22:43,3,6,0,0,4,4,+9,1,7,8,3,3,2,2,3,0,10
20150329MINNOP,0021401094,MIN,NOP,NOP,-1200,toney_douglas,,16:11,1,4,1,3,0,0,+11,0,1,1,3,1,3,0,0,0,3
20150329MINNOP,0021401094,MIN,NOP,NOP,-1200,luke_babbitt,,07:41,3,4,1,1,0,0,+7,0,0,0,1,0,0,0,0,0,7
20150329MINNOP,0021401094,MIN,NOP,NOP,-1200,total,,240,43,75,6,13,18,24,,7,28,35,29,21,12,14,9,4,110
20150329LACBOS,0021401095,LAC,BOS,LAC,-250,matt_barnes,F,32:45,7,18,4,13,0,0,+16,2,5,7,1,3,0,1,1,1,18
20150329LACBOS,0021401095,LAC,BOS,LAC,-250,blake_griffin,F,32:50,7,14,0,0,7,9,+14,3,6,9,4,2,1,0,1,0,21
20150329LACBOS,0021401095,LAC,BOS,LAC,-250,deandre_jordan,C,29:16,6,8,0,0,3,15,+23,6,8,14,0,4,1,1,0,0,15
20150329LACBOS,0021401095,LAC,BOS,LAC,-250,jj_redick,G,32:40,11,15,5,6,0,0,+20,0,5,5,4,3,0,2,0,0,27
20150329LACBOS,0021401095,LAC,BOS,LAC,-250,chris_paul,G,34:34,5,9,3,4,8,8,+19,1,2,3,10,1,2,4,1,0,21
20150329LACBOS,0021401095,LAC,BOS,LAC,-250,austin_rivers,,24:01,2,4,0,1,3,4,0,0,5,5,4,3,1,1,1,0,7
20150329LACBOS,0021401095,LAC,BOS,LAC,-250,spencer_hawes,,19:08,0,2,0,1,3,4,-5,0,4,4,4,3,0,1,0,0,3
20150329LACBOS,0021401095,LAC,BOS,LAC,-250,hidayet_turkoglu,,15:10,1,5,1,4,0,0,-1,0,3,3,1,0,0,1,0,0,3
20150329LACBOS,0021401095,LAC,BOS,LAC,-250,glen_davis,,14:15,2,6,0,0,0,0,-4,1,0,1,0,2,0,0,1,0,4
20150329LACBOS,0021401095,LAC,BOS,LAC,-250,dahntay_jones,,00:42,0,1,0,1,0,0,-6,0,0,0,0,0,0,0,0,0,0
20150329LACBOS,0021401095,LAC,BOS,LAC,-250,cj_wilcox,,04:07,0,2,0,2,0,0,-8,0,2,2,0,0,0,1,0,0,0
20150329LACBOS,0021401095,LAC,BOS,LAC,-250,player_code,,00:31,0,0,0,0,0,0,-3,0,0,0,0,0,0,0,0,0,0
20150329LACBOS,0021401095,LAC,BOS,LAC,-250,total,,240,41,84,13,32,24,40,,13,40,53,28,21,5,12,5,1,119
20150329LACBOS,0021401095,LAC,BOS,BOS,210,evan_turner,F,29:45,4,9,1,3,0,0,-18,0,7,7,10,3,2,3,0,1,9
20150329LACBOS,0021401095,LAC,BOS,BOS,210,brandon_bass,F,24:00,4,6,0,1,5,6,-19,1,0,1,1,2,0,2,0,1,13
20150329LACBOS,0021401095,LAC,BOS,BOS,210,tyler_zeller,C,20:47,7,12,0,0,2,2,-6,0,5,5,0,4,0,0,0,1,16
20150329LACBOS,0021401095,LAC,BOS,BOS,210,avery_bradley,G,24:03,2,7,1,4,0,0,-22,1,1,2,2,2,0,0,1,0,5
20150329LACBOS,0021401095,LAC,BOS,BOS,210,marcus_smart,G,18:22,0,6,0,3,0,0,-6,1,3,4,0,3,0,1,0,0,0
20150329LACBOS,0021401095,LAC,BOS,BOS,210,isaiah_thomas,,25:53,4,12,2,7,9,10,-3,0,0,0,7,4,2,0,0,0,19
20150329LACBOS,0021401095,LAC,BOS,BOS,210,jae_crowder,,21:45,2,6,0,2,2,2,-9,1,2,3,1,5,0,1,0,0,6
20150329LACBOS,0021401095,LAC,BOS,BOS,210,kelly_olynyk,,22:06,6,11,1,3,1,2,+9,2,3,5,2,3,1,1,0,0,14
20150329LACBOS,0021401095,LAC,BOS,BOS,210,luigi_datome,,18:15,5,9,2,4,0,0,+5,0,1,1,1,2,0,0,0,0,12
20150329LACBOS,0021401095,LAC,BOS,BOS,210,jonas_jerebko,,22:08,4,12,1,3,1,1,-5,2,6,8,1,4,2,0,0,1,10
20150329LACBOS,0021401095,LAC,BOS,BOS,210,phil_pressey,,12:56,1,3,0,1,0,0,+9,1,3,4,4,0,1,2,0,1,2
20150329LACBOS,0021401095,LAC,BOS,BOS,210,total,,240,39,93,8,31,20,23,,9,31,40,29,32,8,10,1,5,106
20150329DETMIA,0021401096,DET,MIA,DET,120,caron_butler,F,16:50,0,1,0,1,0,0,-4,0,0,0,2,2,0,0,0,0,0
20150329DETMIA,0021401096,DET,MIA,DET,120,anthony_tolliver,F,27:55,3,6,1,4,0,0,-2,0,2,2,4,2,1,1,0,0,7
20150329DETMIA,0021401096,DET,MIA,DET,120,andre_drummond,C,39:02,14,17,0,0,4,7,+1,5,9,14,2,3,1,0,2,0,32
20150329DETMIA,0021401096,DET,MIA,DET,120,kentavious_caldwell-pope,G,40:36,4,15,0,6,1,2,+4,0,4,4,1,4,2,4,0,0,9
20150329DETMIA,0021401096,DET,MIA,DET,120,reggie_jackson,G,36:02,12,17,3,4,4,8,+3,3,3,6,9,4,0,4,0,1,31
20150329DETMIA,0021401096,DET,MIA,DET,120,tayshaun_prince,,23:43,2,8,1,3,1,1,-10,1,2,3,2,3,0,1,0,0,6
20150329DETMIA,0021401096,DET,MIA,DET,120,joel_anthony,,08:58,1,3,0,0,0,0,-8,3,2,5,0,0,0,0,3,0,2
20150329DETMIA,0021401096,DET,MIA,DET,120,jodie_meeks,,27:40,4,8,3,5,0,0,-3,0,0,0,3,1,1,0,0,0,11
20150329DETMIA,0021401096,DET,MIA,DET,120,spencer_dinwiddie,,11:58,0,5,0,1,2,2,-10,0,1,1,1,1,0,1,0,0,2
20150329DETMIA,0021401096,DET,MIA,DET,120,shawne_williams,,07:16,0,3,0,1,2,2,-6,1,1,2,0,0,0,0,0,0,2
20150329DETMIA,0021401096,DET,MIA,DET,120,total,,240,40,83,8,25,14,22,,13,24,37,24,20,5,11,5,1,102
20150329DETMIA,0021401096,DET,MIA,MIA,-140,luol_deng,F,17:58,1,5,0,1,2,2,+1,0,2,2,1,0,1,1,0,1,4
20150329DETMIA,0021401096,DET,MIA,MIA,-140,henry_walker,F,34:20,2,5,2,4,0,0,+11,0,5,5,1,3,1,1,0,0,6
20150329DETMIA,0021401096,DET,MIA,MIA,-140,udonis_haslem,C,35:06,8,13,0,1,2,2,+1,7,6,13,2,4,1,2,0,0,18
20150329DETMIA,0021401096,DET,MIA,MIA,-140,dwyane_wade,G,35:40,14,27,0,1,12,13,+7,3,3,6,4,0,1,1,0,2,40
20150329DETMIA,0021401096,DET,MIA,MIA,-140,goran_dragic,G,34:56,4,10,1,3,1,2,-3,0,2,2,5,3,0,3,1,0,10
20150329DETMIA,0021401096,DET,MIA,MIA,-140,mario_chalmers,,30:08,3,7,2,6,3,4,+1,1,8,9,4,2,0,1,0,0,11
20150329DETMIA,0021401096,DET,MIA,MIA,-140,james_ennis,,24:23,5,7,2,2,4,6,+16,3,3,6,1,3,0,1,0,1,16
20150329DETMIA,0021401096,DET,MIA,MIA,-140,tyler_johnson,,20:00,0,2,0,0,0,0,-3,0,2,2,1,0,0,0,0,0,0
20150329DETMIA,0021401096,DET,MIA,MIA,-140,michael_beasley,,07:29,2,6,0,0,0,0,+4,0,1,1,1,1,0,0,0,1,4
20150329DETMIA,0021401096,DET,MIA,MIA,-140,total,,240,39,82,7,18,24,29,,14,32,46,20,16,4,10,1,5,109
20150329HOUWAS,0021401097,HOU,WAS,HOU,-135,trevor_ariza,F,37:34,3,9,2,8,5,5,-2,1,7,8,2,1,2,4,0,0,13
20150329HOUWAS,0021401097,HOU,WAS,HOU,-135,josh_smith,F,36:06,6,13,2,4,0,0,+4,4,6,10,3,2,1,4,2,0,14
20150329HOUWAS,0021401097,HOU,WAS,HOU,-135,dwight_howard,C,18:39,3,6,0,0,5,8,-3,3,7,10,0,4,0,2,0,0,11
20150329HOUWAS,0021401097,HOU,WAS,HOU,-135,james_harden,G,37:50,7,20,1,6,9,10,+1,0,3,3,6,3,2,3,1,1,24
20150329HOUWAS,0021401097,HOU,WAS,HOU,-135,jason_terry,G,19:03,2,4,1,3,0,0,+3,0,1,1,2,2,0,0,0,0,5
20150329HOUWAS,0021401097,HOU,WAS,HOU,-135,joey_dorsey,,23:30,3,4,0,0,1,4,+9,1,7,8,0,4,3,0,0,1,7
20150329HOUWAS,0021401097,HOU,WAS,HOU,-135,corey_brewer,,22:20,7,14,1,2,0,0,+14,4,1,5,2,3,1,3,2,2,15
20150329HOUWAS,0021401097,HOU,WAS,HOU,-135,pablo_prigioni,,28:31,3,7,2,5,2,2,+9,2,4,6,3,4,3,1,0,0,10
20150329HOUWAS,0021401097,HOU,WAS,HOU,-135,nick_johnson,,16:27,0,3,0,1,0,4,+5,1,1,2,0,2,0,2,1,1,0
20150329HOUWAS,0021401097,HOU,WAS,HOU,-135,total,,240,34,80,9,29,22,33,,16,37,53,18,25,12,19,6,5,99
20150329HOUWAS,0021401097,HOU,WAS,WAS,115,paul_pierce,F,22:24,1,6,0,3,0,0,-10,1,0,1,1,2,1,2,0,1,2
20150329HOUWAS,0021401097,HOU,WAS,WAS,115,nene,F,33:38,4,8,0,0,2,5,-10,0,7,7,1,1,3,2,0,0,10
20150329HOUWAS,0021401097,HOU,WAS,WAS,115,marcin_gortat,C,28:56,3,10,0,0,0,0,-4,4,6,10,0,5,1,0,2,1,6
20150329HOUWAS,0021401097,HOU,WAS,WAS,115,bradley_beal,G,37:42,4,11,1,4,6,7,-3,0,4,4,0,3,1,3,1,1,15
20150329HOUWAS,0021401097,HOU,WAS,WAS,115,john_wall,G,42:48,7,17,0,1,11,12,-3,2,6,8,12,4,4,7,1,2,25
20150329HOUWAS,0021401097,HOU,WAS,WAS,115,martell_webster,,08:28,1,2,1,1,0,0,-6,1,0,1,0,1,0,1,0,0,3
20150329HOUWAS,0021401097,HOU,WAS,WAS,115,drew_gooden,,18:02,2,4,0,1,0,0,-6,0,5,5,1,2,0,0,0,0,4
20150329HOUWAS,0021401097,HOU,WAS,WAS,115,rasual_butler,,13:37,0,3,0,2,2,2,-3,0,1,1,1,0,1,0,0,0,2
20150329HOUWAS,0021401097,HOU,WAS,WAS,115,ramon_sessions,,08:58,2,3,0,1,2,2,-3,0,0,0,1,0,2,0,0,0,6
20150329HOUWAS,0021401097,HOU,WAS,WAS,115,kevin_seraphin,,07:52,1,4,0,0,1,2,+2,0,0,0,0,3,0,1,1,0,3
20150329HOUWAS,0021401097,HOU,WAS,WAS,115,otto_porter,,17:34,4,7,2,2,5,7,+6,3,3,6,0,1,1,1,0,1,15
20150329HOUWAS,0021401097,HOU,WAS,WAS,115,total,,240,29,75,4,15,29,37,,11,32,43,17,22,14,17,5,6,91
20150329MEMSAS,0021401098,MEM,SAS,MEM,310,vince_carter,F,22:35,1,3,1,3,2,2,-15,0,4,4,0,2,1,0,0,0,5
20150329MEMSAS,0021401098,MEM,SAS,MEM,310,zach_randolph,F,33:13,9,16,0,0,2,3,-12,2,11,13,0,2,0,1,0,2,20
20150329MEMSAS,0021401098,MEM,SAS,MEM,310,marc_gasol,C,33:40,7,15,0,0,2,2,-8,0,6,6,4,3,0,4,1,0,16
20150329MEMSAS,0021401098,MEM,SAS,MEM,310,courtney_lee,G,35:45,4,11,0,3,2,2,-7,0,1,1,3,2,1,2,0,1,10
20150329MEMSAS,0021401098,MEM,SAS,MEM,310,mike_conley,G,35:28,2,11,2,5,0,0,-16,0,1,1,9,3,3,1,0,1,6
20150329MEMSAS,0021401098,MEM,SAS,MEM,310,jeff_green,,31:46,8,15,2,2,1,1,-5,0,1,1,0,1,0,0,0,1,19
20150329MEMSAS,0021401098,MEM,SAS,MEM,310,nick_calathes,,13:10,0,2,0,0,0,0,+2,1,3,4,2,2,0,2,0,0,0
20150329MEMSAS,0021401098,MEM,SAS,MEM,310,kosta_koufos,,13:38,2,3,0,0,0,0,-4,0,2,2,0,0,0,0,0,0,4
20150329MEMSAS,0021401098,MEM,SAS,MEM,310,beno_udrih,,19:21,3,5,1,1,2,2,-1,0,2,2,4,2,0,0,0,1,9
20150329MEMSAS,0021401098,MEM,SAS,MEM,310,jordan_adams,,00:42,0,1,0,0,0,0,-2,0,0,0,0,0,0,0,0,0,0
20150329MEMSAS,0021401098,MEM,SAS,MEM,310,player_code,,00:42,0,0,0,0,0,0,-2,0,0,0,0,0,0,0,0,0,0
20150329MEMSAS,0021401098,MEM,SAS,MEM,310,total,,240,36,82,6,14,11,12,,3,31,34,22,17,5,10,1,6,89
20150329MEMSAS,0021401098,MEM,SAS,SAS,-380,kawhi_leonard,F,33:27,11,17,1,3,2,2,+17,1,9,10,1,0,1,3,0,0,25
20150329MEMSAS,0021401098,MEM,SAS,SAS,-380,tim_duncan,F,24:20,4,8,0,0,2,2,+8,1,4,5,4,4,0,0,3,0,10
20150329MEMSAS,0021401098,MEM,SAS,SAS,-380,tiago_splitter,C,29:17,6,9,0,0,3,3,+9,2,6,8,2,1,2,1,0,0,15
20150329MEMSAS,0021401098,MEM,SAS,SAS,-380,daniel_green,G,29:29,4,7,1,3,0,0,+6,0,3,3,5,2,2,0,1,0,9
20150329MEMSAS,0021401098,MEM,SAS,SAS,-380,tony_parker,G,34:45,7,16,0,2,3,5,+15,0,1,1,6,3,1,1,0,0,17
20150329MEMSAS,0021401098,MEM,SAS,SAS,-380,emanuel_ginobili,,19:46,1,3,0,1,2,2,+4,1,3,4,3,1,1,0,0,0,4
20150329MEMSAS,0021401098,MEM,SAS,SAS,-380,boris_diaw,,22:01,4,8,1,2,1,2,+6,2,5,7,2,2,0,2,0,0,10
20150329MEMSAS,0021401098,MEM,SAS,SAS,-380,aron_baynes,,18:31,2,5,0,0,0,0,+5,3,4,7,0,1,0,0,2,1,4
20150329MEMSAS,0021401098,MEM,SAS,SAS,-380,patrick_mills,,12:33,1,5,0,3,0,0,-3,0,0,0,1,0,1,0,0,0,2
20150329MEMSAS,0021401098,MEM,SAS,SAS,-380,marco_belinelli,,13:45,2,5,1,3,2,2,-3,0,2,2,1,1,1,1,0,0,7
20150329MEMSAS,0021401098,MEM,SAS,SAS,-380,matt_bonner,,00:42,0,0,0,0,0,0,+2,0,0,0,0,0,0,0,0,0,0
20150329MEMSAS,0021401098,MEM,SAS,SAS,-380,reggie_williams,,00:42,0,0,0,0,0,0,+2,0,0,0,0,0,0,0,0,0,0
20150329MEMSAS,0021401098,MEM,SAS,SAS,-380,cory_joseph,,00:42,0,0,0,0,0,0,+2,0,1,1,0,0,0,0,0,0,0
20150329MEMSAS,0021401098,MEM,SAS,SAS,-380,total,,240,42,83,4,17,15,18,,10,38,48,25,15,9,8,6,1,103
20150329DALIND,0021401099,DAL,IND,DAL,125,chandler_parsons,F,36:35,11,20,2,4,3,5,-6,1,9,10,1,4,0,3,1,1,27
20150329DALIND,0021401099,DAL,IND,DAL,125,dirk_nowitzki,F,33:42,7,13,1,1,4,5,-7,0,5,5,0,3,0,2,0,0,19
20150329DALIND,0021401099,DAL,IND,DAL,125,tyson_chandler,C,28:11,1,5,0,0,0,0,+2,2,9,11,2,3,1,0,1,0,2
20150329DALIND,0021401099,DAL,IND,DAL,125,richard_jefferson,G,16:27,2,6,0,1,0,0,-15,0,0,0,2,3,0,1,0,0,4
20150329DALIND,0021401099,DAL,IND,DAL,125,rajon_rondo,G,37:59,8,14,0,0,1,1,-6,3,4,7,10,2,2,2,1,0,17
20150329DALIND,0021401099,DAL,IND,DAL,125,amare_stoudemire,,19:11,5,12,0,1,1,2,-2,1,1,2,0,3,1,0,0,1,11
20150329DALIND,0021401099,DAL,IND,DAL,125,al-farouq_aminu,,14:39,1,4,0,1,1,2,+3,1,1,2,0,2,1,0,0,1,3
20150329DALIND,0021401099,DAL,IND,DAL,125,devin_harris,,27:12,1,5,1,2,1,2,+2,1,1,2,3,2,0,1,0,1,4
20150329DALIND,0021401099,DAL,IND,DAL,125,raymond_felton,,14:26,3,6,1,2,2,2,+9,0,0,0,1,1,0,3,0,1,9
20150329DALIND,0021401099,DAL,IND,DAL,125,charlie_villanueva,,11:39,1,5,1,3,0,0,-5,0,2,2,1,2,0,0,0,1,3
20150329DALIND,0021401099,DAL,IND,DAL,125,total,,240,40,90,6,15,13,19,,9,32,41,20,25,5,12,3,6,99
20150329DALIND,0021401099,DAL,IND,IND,-145,solomon_hill,F,14:17,1,2,0,0,0,0,+3,0,1,1,6,4,0,2,0,1,2
20150329DALIND,0021401099,DAL,IND,IND,-145,david_west,F,28:18,4,7,0,0,2,2,+6,0,5,5,5,2,2,4,2,0,10
20150329DALIND,0021401099,DAL,IND,IND,-145,roy_hibbert,C,25:06,5,10,0,0,4,4,-5,0,7,7,2,3,0,1,1,0,14
20150329DALIND,0021401099,DAL,IND,IND,-145,cj_miles,G,28:07,9,12,5,6,5,6,+2,0,4,4,1,2,1,2,0,0,28
20150329DALIND,0021401099,DAL,IND,IND,-145,george_hill,G,36:23,6,12,2,5,0,0,+8,0,4,4,5,0,0,1,1,0,14
20150329DALIND,0021401099,DAL,IND,IND,-145,rodney_stuckey,,30:01,4,14,1,2,1,2,+4,0,5,5,2,0,0,0,0,1,10
20150329DALIND,0021401099,DAL,IND,IND,-145,ian_mahinmi,,17:01,1,3,0,0,1,4,+15,1,3,4,1,3,2,1,1,0,3
20150329DALIND,0021401099,DAL,IND,IND,-145,cj_watson,,23:36,2,5,0,2,3,4,0,0,3,3,1,4,0,1,0,0,7
20150329DALIND,0021401099,DAL,IND,IND,-145,luis_scola,,22:09,3,6,0,0,2,4,+1,1,4,5,0,4,1,1,0,1,8
20150329DALIND,0021401099,DAL,IND,IND,-145,damjan_rudez,,11:36,2,2,2,2,0,0,-2,1,1,2,0,1,0,1,0,0,6
20150329DALIND,0021401099,DAL,IND,IND,-145,lavoy_allen,,03:26,1,3,0,0,0,0,-7,1,2,3,0,2,0,1,1,0,2
20150329DALIND,0021401099,DAL,IND,IND,-145,total,,240,38,76,10,17,18,26,,4,39,43,23,25,6,15,6,3,104
20150329OKCPHX,0021401100,OKC,PHX,OKC,110,kyle_singler,F,25:36,1,3,1,3,1,2,+7,0,5,5,5,2,3,1,0,0,4
20150329OKCPHX,0021401100,OKC,PHX,OKC,110,enes_kanter,F,29:47,5,10,0,0,1,1,+9,3,6,9,0,2,0,1,1,2,11
20150329OKCPHX,0021401100,OKC,PHX,OKC,110,steven_adams,C,41:41,6,9,0,0,1,4,+9,5,11,16,0,4,1,2,1,0,13
20150329OKCPHX,0021401100,OKC,PHX,OKC,110,dion_waiters,G,37:41,8,20,1,6,1,2,+16,1,2,3,1,4,0,3,0,1,18
20150329OKCPHX,0021401100,OKC,PHX,OKC,110,russell_westbrook,G,37:48,10,29,1,7,12,14,+8,2,7,9,7,3,3,4,1,1,33
20150329OKCPHX,0021401100,OKC,PHX,OKC,110,anthony_morrow,,27:42,4,6,3,5,0,0,+5,0,2,2,0,1,1,2,1,0,11
20150329OKCPHX,0021401100,OKC,PHX,OKC,110,dj_augustin,,31:36,6,9,4,5,3,3,+15,0,1,1,3,3,1,2,0,0,19
20150329OKCPHX,0021401100,OKC,PHX,OKC,110,mitch_mcgary,,08:09,0,0,0,0,0,0,-9,0,3,3,0,1,0,0,0,0,0
20150329OKCPHX,0021401100,OKC,PHX,OKC,110,total,,240,40,86,10,26,19,26,,11,37,48,16,20,9,15,4,4,109
20150329OKCPHX,0021401100,OKC,PHX,PHX,-130,marcus_morris,F,37:01,5,13,2,7,3,4,-4,0,9,9,5,1,0,1,1,0,15
20150329OKCPHX,0021401100,OKC,PHX,PHX,-130,markieff_morris,F,33:12,10,20,1,2,3,4,-13,3,4,7,1,4,1,2,0,0,24
20150329OKCPHX,0021401100,OKC,PHX,PHX,-130,alex_len,C,24:47,1,3,0,0,0,0,-8,3,8,11,0,3,0,3,2,1,2
20150329OKCPHX,0021401100,OKC,PHX,PHX,-130,pj_tucker,G,34:55,4,9,1,2,3,3,-10,0,2,2,4,3,3,2,0,1,12
20150329OKCPHX,0021401100,OKC,PHX,PHX,-130,eric_bledsoe,G,39:24,5,12,1,5,4,5,-16,0,1,1,7,3,0,6,0,0,15
20150329OKCPHX,0021401100,OKC,PHX,PHX,-130,brandon_knight,,22:12,1,10,0,6,1,2,+3,0,2,2,4,1,1,2,0,1,3
20150329OKCPHX,0021401100,OKC,PHX,PHX,-130,tj_warren,,28:57,8,10,0,0,2,2,-3,0,5,5,2,1,2,0,1,0,18
20150329OKCPHX,0021401100,OKC,PHX,PHX,-130,brandan_wright,,16:29,2,2,0,0,2,4,-4,1,0,1,0,3,2,1,0,0,6
20150329OKCPHX,0021401100,OKC,PHX,PHX,-130,archie_goodwin,,03:03,1,3,0,0,0,0,-5,1,1,2,0,1,0,1,0,1,2
20150329OKCPHX,0021401100,OKC,PHX,PHX,-130,total,,240,37,82,5,22,18,24,,8,32,40,23,20,9,18,4,4,97
